dtype,data,adata
email,main.dupont.tfg@gmail.com,dfhg0j81rmki0hh@lvvvm.com
name,Google Ireland Ltd,Anon4901 Doe8562 Dupont3073
email,nicolas.busquets8@yahoo.com,wno7okhcl4ollgand@lmpln.com
name,Nicolás Busquets Calvet,Anon8640 Doe9577 Dupont4551
dni, 56544031A,***4403*
dni,37877851W,***7785*
email,borja.llopis12@hotmail.es,ogo2x9o2i8ybua@wedwhrl.es
email,alma.bernal57@hotmail.es,gmyuis3ncnkrn@hlsrgrz.es
iban,ES3030236795856310071830,ES1157858555868312555413
iban,ES2301827458910847987902,ES4538074574877423437948
iban,ES0230986509655515340042,ES5816974792684459855348
name,Lorem Alma Bernal,Anon2094 Doe6610 Dupont2395
name,Qui Albina Saavedra,Anon8128 Doe1850 Dupont7502
name,Borja Llopis Grau,Anon4927 Doe8889 Dupont4882
dni, 10878458X,***7845*
email,josefa.tena23@empresa.org,26r2fx0f5f7sr@ucchefm.org
iban,ES5531796829440498127858,ES3323791057225184979841
name,Josefa Tena Cantón,Anon6058 Doe5978 Dupont4780
dni, 83682531K,***8253*
dni, 43551592B,***5159*
email,amada.valenzuela17@gmail.com,94lq3zz8e7mq78gr0a@xykfv.com
email,silvio.pereira62@hotmail.es,fnrbbcpjyputtod7@nhtzydg.es
iban,ES6515505337151700842118,ES4836509433019187419862
name,Silvio Pereira Perez,Anon8309 Doe5351 Dupont1855
dni, 73259309P,***5930*
email,carolina.yuste41@empresa.org,vikkjkq9sbrdiqzd@jzswxdn.org
email,socorro.fuster99@hotmail.es,leph0rbbsu8t2u4h@tewbtsw.es
iban,ES3800756427524534627690,ES6860855675257490034527
iban,ES2831917144610263277897,ES3186569887419579230153
name,Socorro Fuster Rivera,Anon9748 Doe2493 Dupont6991
dni, 29173211B,***7321*
email,climaco.peral78@hotmail.es,bd0lihn7q0o5wo9@pbulzhr.es
iban,ES3331171360026278460969,ES0546088539937693751173
dni,"
29657834R",***5783*
email,vicente.arenas15@gmail.com,dljfguk081cxtmtb@gakbl.com
email,aaron.tomas23@yahoo.com,2u3g7omajjvzg@qkppc.com
iban,ES3330354904965757852184,ES7013721315910976854356
iban,ES2630588624358573277173,ES2142200881666442619661
iban,ES6831879484140165671326,ES7421994537138148520811
name,Lupe Rosado Crespi,Anon9736 Doe2100 Dupont2464
dni, 21980651B,***8065*
dni, 31930001K,***3000*
email,noa.arevalo9@empresa.org,3134poqs7cpp@xxwrjgk.org
email,andres.felipe.roldan5@gmail.com,hs0gfexylptx32sgaov8m@caaag.com
iban,ES3601982974512171639417,ES4875088775358666618312
name,Andrés Felipe Roldan,Anon6628 Doe4340 Dupont3409
dni, 88435347W,***3534*
email,inigo.caro97@hotmail.es,mc8aczp0ljrw@umnzzql.es
iban,ES8802391470879763137925,ES4045061379415104535790
name,Íñigo Caro Escobar,Anon2273 Doe5349 Dupont8196
email,cosme.feijoo60@yahoo.com,t2bgw9pm2p1mto@zoulm.com
email,nando.ferrandiz70@outlook.com,86q9w8s5686czjq58@kedchhh.com
iban,ES7631179323115029544631,ES2876834553951083538488
iban,ES2520805835118837058493,ES6704198973529136657076
name,Adriana Verdugo Benavente,Anon5387 Doe4056 Dupont7661
dni,"
08697923J",***9792*
email,calista.elorza87@yahoo.com,0wahqqol2k62sqn9@vvkzv.com
dni, 80746331R,***4633*
name,Marina Corbacho Olivé,Anon6245 Doe9144 Dupont6418
name,Amparo Cabello Llanos,Anon2651 Doe9356 Dupont5196
dni, 50104758V,***0475*
email,marcos.araujo74@outlook.com,ar5s31sahxln58f@jbfajsp.com
email,climaco.pina33@yahoo.com,hiuq5wwwhtma34@wcegw.com
name,Clímaco Pina Carrillo,Anon6671 Doe3016 Dupont4480
name,Marcos Araujo Echeverría,Anon7854 Doe1604 Dupont2138
dni, 50515601B,***1560*
email,manu.pena72@gmail.com,b7fc9cdzin7@avqlu.com
iban,ES5731831686890077083292,ES1688366050104811114900
iban,ES8320952341532635462672,ES7982457499907575962274
name,Cosme Feijoo Marí,Anon2464 Doe6927 Dupont1225
iban,ES7430172817383964372621,ES7090878700911893908715
name,María Belén Casal,Anon1762 Doe1560 Dupont1684
dni, 81777913X,***7791*
email,carmelita.arenas44@outlook.com,fvj37w2mmraktga647@bdstdna.com
iban,ES5502298684813651544963,ES5608816143764905057852
name,Carmelita Arenas Agullo,Anon3945 Doe9468 Dupont3096
dni,"
05944066S",***4406*
dni, 13570758E,***7075*
email,eloisa.barcelo46@outlook.com,70i2r918mtnpt7jy@wvumcyd.com
email,borja.llopis12@hotmail.es,tb3dtkw8ym9cm2@zmghkpq.es
iban,ES9530671040146740887647,ES4621646001973033892467
name,Eloísa Barceló Iñiguez,Anon3054 Doe3466 Dupont4381
name,Cloe Ballesteros Montesinos,Anon8149 Doe3502 Dupont2073
email,javiera.campoy85@empresa.org,oz1ss72ar8hz5eyc@uuviird.org
iban,ES6430767401560948654374,ES3863848693828660226614
name,Javiera Campoy Carvajal,Anon7414 Doe2386 Dupont9328
dni,"
64317090M",***1709*
email,norberto.lobato91@outlook.com,2fw9evu7vk3mheaqr@jtbgxsd.com
email,roberto.chacon73@outlook.com,zaug83cfkitom23i@tpmgqhm.com
iban,ES2731407965619517999454,ES1794020090609028399795
name,Roberto Chacón Castro,Anon1512 Doe2949 Dupont4752
name,Norberto Lobato Sancho,Anon7182 Doe7142 Dupont6544
email,lazaro.figueroa33@outlook.com,jt54i6wha0uo2w6uw@ooxxvrq.com
iban,ES6220454982747140300773,ES9276733553254733362677
name,Lázaro Figueroa Juárez,Anon6102 Doe6691 Dupont9788
dni,86850529E,***5052*
email,sonia.arnau83@hotmail.es,i50mpe2b3usw5@lxnfzrq.es
iban,ES7230238549692518351061,ES3277550352492045474566
iban,ES6531792081503725043982,ES0543683580137928207110
name,Duis Juliana Checa,Anon1055 Doe2499 Dupont4279
name,Sonia Arnau Arnaiz,Anon2687 Doe3120 Dupont3105
dni,"
62387667Y",***8766*
dni, 63343360A,***4336*
email,hermenegildo.alegre46@gmail.com,ekfeed8h1miw92ikd23jp@jtrpj.com
iban,ES4201863711536834527450,ES8055939750572332818632
name,Fortunato Rueda Orozco,Anon2335 Doe3109 Dupont9056
dni, 81447275C,***4727*
email,jose.maria.hurtado63@outlook.com,sq4c6gb4e6l465m81dlh@jupcika.com
email,nelida.reguera84@hotmail.es,5ljl8wpeu6f3zy8h@akbewxd.es
iban,ES6131153315979625646503,ES0047374534280363934940
iban,ES3820568591922987068944,ES7971912241517368376807
name,Voluptatibus Nélida Reguera,Anon5534 Doe2631 Dupont8739
name,José María Hurtado,Anon8231 Doe4542 Dupont4268
dni, 54634809B,***3480*
dni, 74065048B,***6504*
email,aaron.iniesta39@yahoo.com,gwfpgsc9cbiaeks@zuzga.com
email,elena.morales81@outlook.com,526z73lh21ji2jd@ofhwvcs.com
iban,ES5021003552525265928383,ES0776549084657225683312
name,Aarón Iniesta Villegas,Anon7388 Doe5349 Dupont1560
email,modesto.gonzalez58@empresa.org,z86dqlfk38s29m692g@ekumakc.org
iban,ES2730581292893046948157,ES8312363122089876505927
email,plinio.anaya58@gmail.com,7qa6z8x2np7bnz@cmbrk.com
iban,ES7401824330916555556842,ES2661719612952877153429
name,Borja Llopis Grau,Anon4433 Doe7690 Dupont6011
email,clotilde.peralta98@hotmail.es,kyop9w1dyebeeeeckt@ljjlxva.es
dni, 78917042V,***1704*
email,cipriano.pons74@gmail.com,za7a793k2fvr85t@vpkrk.com
iban,ES3030080168048561683892,ES3216101000984525232469
dni, 13570758E,***7075*
email,primitivo.urrutia16@hotmail.es,iu72xkootdro0jvyweh@gbhaqie.es
iban,ES9530671040146740887647,ES9093709021954819823296
name,Primitivo Urrutia Palomar,Anon9952 Doe1355 Dupont8271
dni,"
63454156P",***5415*
iban,ES2430968676991455890528,ES3691991210289942393895
name,Alex Herrero Alvarado,Anon3498 Doe4336 Dupont8630
email,jennifer.sanabria20@gmail.com,snkv2kydu4v3gfbzwlx@jfwef.com
name,Jennifer Sanabria Barranco,Anon1415 Doe9730 Dupont1462
dni,24998894X,***9889*
dni,"
79823561Z",***2356*
email,candela.burgos4@outlook.com,wtw7mf9lb2aba6k@dcbhifj.com
iban,ES5201869487379728894436,ES5672108256375309633765
iban,ES8630803704263685438388,ES5016421347516341805195
name,Candela Burgos Santana,Anon8002 Doe2257 Dupont5531
name,Segismundo Falcón Reina,Anon4535 Doe4061 Dupont3059
iban,ES1220486828380395897272,ES1537709511319429317433
name,Carlito Tejera Alberola,Anon4582 Doe8085 Dupont4873
dni, 39092727H,***9272*
email,patricia.bermejo32@yahoo.com,ama7pg0dep5m03w5oa@pdnxg.com
iban,ES6030232715297759725269,ES3883567626747698498887
iban,ES2330597696227115839935,ES4977100247636132242727
name,Patricia Bermejo Martorell,Anon4137 Doe5772 Dupont2591
name,Cebrián Casas Rios,Anon2256 Doe2346 Dupont6099
dni, 47431339A,***3133*
iban,ES2330098533685198928678,ES6060140404350698308267
iban,ES4330674876386016031014,ES2776049318790000879215
name,Isaura Sainz Garay,Anon6936 Doe2209 Dupont3875
email,sandalio.marin37@yahoo.com,abnfyypkqykpkvn3@twfte.com
name,Sandalio Marín Vara,Anon4191 Doe2482 Dupont6679
email,gustavo.bolanos72@hotmail.es,u6skp18wu4bm40z2c@ubjevho.es
iban,ES9231792504901816366809,ES0076225282754540260045
dni, 41366323H,***6632*
dni, 94263205M,***6320*
email,trinidad.gil80@outlook.com,gws9mc28ehfdcz@qdgucff.com
email,heriberto.pedraza10@yahoo.com,djrrbiuaq8qj899og2u@kfjps.com
iban,ES9431900930662247826792,ES0042069213779565912860
iban,ES3131051922524880858012,ES9924228835318654982423
name,Trinidad Gil Escobar,Anon4611 Doe3532 Dupont6340
name,Heriberto Pedraza Larrañaga,Anon8315 Doe8928 Dupont3412
dni, 62674813C,***7481*
email,rita.villegas73@gmail.com,umkmencbm6z9619@lfisy.com
email,juan.francisco.padilla38@empresa.org,4m71qdftf09u76tzamjhw2w4@ghndhoo.org
iban,ES7802394985193540028948,ES6616613135516080788962
name,Rita Villegas Marquez,Anon7670 Doe8266 Dupont1616
dni, 73967891Y,***6789*
dni, 35576543M,***7654*
email,moises.roma3@yahoo.com,4w1atys1q0bh@aieav.com
email,patricia.bernal1@outlook.com,tkgof180j4eundy3@bzcxgax.com
iban,ES7302391941987418441067,ES4152990163807019141235
iban,ES1431903544206169650346,ES1639748460594048852236
name,Moisés Roma Vega,Anon9538 Doe8182 Dupont2546
name,Patricia Bernal Rey,Anon7653 Doe6765 Dupont3176
name,Ariel Ribera Cabañas,Anon3446 Doe8376 Dupont7593
dni,"
60918185V",***1818*
email,osvaldo.miguel19@hotmail.es,rh0shj0rq1oimpmp@azuhujf.es
dni,"
33409799E",***0979*
dni, 21692375V,***9237*
email,federico.velazquez42@hotmail.es,lf5lpjnpilupn9q93n0j@esjalnm.es
iban,ES4530098813271845257400,ES5379514363093215552729
iban,ES3402371103832225518815,ES2324872255472792839364
name,Carla Viñas Rodriguez,Anon1066 Doe4955 Dupont1375
name,Adalberto Gimeno Vazquez,Anon4327 Doe4212 Dupont6848
dni, 19416813Y,***1681*
dni, 56804444X,***0444*
email,agapito.aznar34@gmail.com,v3atkll9zu3c7cq@gnltc.com
iban,ES5131380282064054892807,ES3676164772142277863163
name,Eutropio Huguet Fábregas,Anon5529 Doe9545 Dupont1465
name,Agapito Aznar Torralba,Anon4817 Doe9264 Dupont3906
dni,"
68996678J",***9667*
dni, 08271493A,***7149*
dni,"
98902855A",***0285*
email,albina.diego68@empresa.org,pg1gqdlyxdqpp0@wpxopaj.org
email,salome.valentin61@gmail.com,e7bnh35c52sezjn9r@bpset.com
iban,ES1131570182768398982853,ES8130570374348552152232
iban,ES1200616320063368185537,ES7319145254343203016908
iban,ES0400781027402198998442,ES7530008990036908142686
name,Albina Diego Ramón,Anon7295 Doe1519 Dupont1378
name,Salomé Valentín Armengol,Anon1960 Doe5151 Dupont9881
dni,95886041F,***8604*
email,blanca.escalona82@hotmail.es,nejph1nn9c7sonf2b@dyocoxt.es
iban,ES3102167803234838368305,ES7905443588597833427686
iban,ES0300725558000047532201,ES2723456662262333929512
name,Blanca Escalona Ayllón,Anon9684 Doe1971 Dupont4443
email,celso.montero32@outlook.com,zcdsoffcgmityzz@kjobnla.com
email,flora.clemente21@gmail.com,8tmz1y14ohssbcsa@zqgfb.com
name,Flora Clemente Rosell,Anon5875 Doe6965 Dupont5372
dni,"
26433132Z",***3313*
email,bonifacio.santamaria10@yahoo.com,zfks9fpsvl2vbfl6xtln8j@pwktp.com
email,paola.hernando88@empresa.org,anys63922cq174w0@kxyakuy.org
iban,ES1131872582122631424161,ES4501593169836212786068
iban,ES0231112761634527579115,ES1375357719865338499560
name,Bonifacio Santamaría Vigil,Anon5689 Doe5585 Dupont8056
name,Paola Hernando Escrivá,Anon1197 Doe8801 Dupont2190
iban,ES3331832649479069918496,ES0978813809542306208259
dni, 00126010Q,***2601*
dni, 81180315K,***8031*
iban,ES7030856012581615817765,ES2072000740009192679179
iban,ES5630186382189930689863,ES3599837507892331580455
name,Teresita Molina Madrigal,Anon6088 Doe5987 Dupont5345
name,Jose Ignacio Pizarro,Anon8434 Doe6258 Dupont9267
email,amada.cuenca10@yahoo.com,2xbt3suvmd5jt5@dyjkc.com
iban,ES5302167181643262340709,ES0520451530899436709203
dni,"
46095446L",***9544*
email,marcio.sainz13@outlook.com,obuugc8zzbqwr1@soqfyna.com
email,hernando.saavedra3@empresa.org,gu3hmx8xnpwyt1hlkf@zkrknso.org
iban,ES5401319969419688138073,ES5304796250746722942654
name,Marcio Sainz Bayón,Anon7776 Doe1908 Dupont1487
name,Miriam Iglesias Jimenez,Anon9821 Doe2432 Dupont6331
dni, 78405607X,***0560*
dni,"
94768861Y",***6886*
email,juanita.uribe59@gmail.com,7jllaxw5w9vnjym@emaww.com
iban,ES0920950873049462488366,ES9947230471063053872472
dni,"
62842050R",***4205*
dni, 77728031Z,***2803*
dni, 37106825M,***0682*
email,humberto.calzada16@yahoo.com,s36jiqq7r0wvtuvwon@wnvyl.com
email,abigail.montoya96@yahoo.com,qapymmrcpipnafh7w@lmrct.com
iban,ES0302358250556420909868,ES1696167862760331497220
iban,ES4200818977591704966238,ES1540762227207524326637
iban,ES9430234419384647569101,ES0355382398487901110547
name,Antonia Jáuregui Amaya,Anon1764 Doe9977 Dupont2166
name,Humberto Calzada Álvaro,Anon7202 Doe3771 Dupont9356
name,Noa Puerta Maestre,Anon1635 Doe4367 Dupont9541
dni, 07487763K,***8776*
email,edgar.cabrero55@empresa.org,emrsyks0b81ivhd@coroaqu.org
iban,ES0631107725312688135843,ES6639447154416515597947
name,Édgar Cabrero Reig,Anon4865 Doe8313 Dupont5772
name,Celestina Noguera Cano,Anon3737 Doe4740 Dupont7429
dni, 45222633X,***2263*
email,andrea.maestre59@hotmail.es,gxw19zh31tg500yb@uqdfddh.es
email,rita.macias34@outlook.com,dk8rwm55l6sip@atdnetp.com
iban,ES3021031216293505176966,ES4990624400884848860571
iban,ES0930955787863387023580,ES4340238486221387535002
dni, 72632539B,***3253*
name,Galo Girona Pinto,Anon2827 Doe9364 Dupont6620
dni, 52764085S,***6408*
email,zaira.mosquera23@yahoo.com,hlro9cgcxhl74ljz@ciacu.com
iban,ES7931230587433937982343,ES2014972926658040590065
name,Zaira Mosquera Peña,Anon7780 Doe8743 Dupont1382
dni,47422646G,***2264*
email,valeria.marti86@empresa.org,lh7pfxtg6hfmvfm@uhwvqnz.org
iban,ES8631359259423397890459,ES6667536917263843347277
name,Valeria Marti Franch,Anon8318 Doe2243 Dupont7537
dni, 94768861Y,***6886*
email,marcial.ugarte35@gmail.com,x2ya52juxlxy77wa@xrixe.com
iban,ES9631026867182941285788,ES6578159646439683023400
email,jessica.fabregas54@yahoo.com,d36u1r07ljugo2q07k@rzutv.com
iban,ES3030858638280936686424,ES0139745630760524352626
name,Jessica Fábregas Martorell,Anon4294 Doe5161 Dupont4757
email,evaristo.lucas19@empresa.org,92l8l472oivbjnel@nwvgyow.org
email,maria.teresa.canete78@hotmail.es,gx91bm4wfmk6tjiyir1pt@ktrugyq.es
iban,ES8602353620947424731294,ES4472858545381202077100
name,Juana Coronado Costa,Anon9896 Doe8659 Dupont7669
email,joel.duran4@empresa.org,40w14gf6i9i@eynoojm.org
email,edgar.cabrero55@empresa.org,1n3sml970f62op6@wxtjwth.org
iban,ES0631107725312688135843,ES8994118361247087711370
name,Joel Duran Jódar,Anon3971 Doe6949 Dupont6577
name,Édgar Cabrero Reig,Anon9167 Doe9186 Dupont1192
dni, 38185873P,***8587*
dni, 24781002C,***8100*
email,vinicio.ferrandez95@gmail.com,oavxrxyy763p95w4vk3@vbrpp.com
email,faustino.anaya4@outlook.com,njpbx5qz8tdssws@rotpnpl.com
iban,ES5831216374578138963793,ES7651333773806289120003
name,Candela Doménech Sáenz,Anon9944 Doe5352 Dupont5051
email,leoncio.tejedor42@gmail.com,hiyjkus4oikcjj5jo@yelkk.com
email,jovita.comas30@outlook.com,o5xfrad1l30ius@ahzfvif.com
iban,ES1000613951334311177232,ES0507639173175013871259
name,Duis Leoncio Tejedor,Anon1094 Doe7559 Dupont7803
dni,"
74426406Q",***2640*
dni,"
22216428S",***1642*
email,jesusa.morera38@empresa.org,3xk8p899m0f3iyn@glmitwq.org
email,gema.rosado27@hotmail.es,upzacbw85o1uw@dlpivbq.es
iban,ES3531271057142573768037,ES2441078709289295258461
iban,ES9630813325818846500421,ES8917331094649239623330
name,Jesusa Morera Piñeiro,Anon9006 Doe2726 Dupont2158
name,Ávila Gema Rosado,Anon1578 Doe8259 Dupont5554
dni, 79731587V,***3158*
dni, 44014776K,***1477*
name,Vanesa Bertrán Ropero,Anon6263 Doe8448 Dupont7873
name,Josefa Maestre Calderon,Anon6995 Doe3903 Dupont8054
dni, 58053663F,***5366*
dni, 76948445J,***4844*
email,emilio.cantero20@hotmail.es,cvx9tym2wot51320@ksemgru.es
email,rita.bosch39@hotmail.es,c7lzhgo2lw7j@ljnkufb.es
email,jeremias.pelayo94@hotmail.es,nvd8k9v8btr4skqsr@ukzodqc.es
iban,ES2631831190138032762441,ES3303133493683380128842
iban,ES7001281077613475974285,ES9914673423839742039959
iban,ES3200491591027666252977,ES8870767826693564954281
name,Emilio Cantero Vallés,Anon2069 Doe3746 Dupont7113
name,Rita Bosch Salazar,Anon8334 Doe3787 Dupont7230
dni, 57170486F,***7048*
email,leire.goni89@yahoo.com,g41tohyrjg2x@ykoml.com
iban,ES2631211263083940477701,ES5487389915337525486470
name,Leire Goñi Piña,Anon7251 Doe9086 Dupont6139
dni, 48915355J,***1535*
email,paulina.castejon25@outlook.com,6lcvu0n39u8oe1ta12@nyplhxj.com
email,alondra.jaen37@gmail.com,mupx1drt2cknou@opuvu.com
email,natanael.zapata79@empresa.org,ztt5buj6xjhkknw6f@jbvocms.org
iban,ES0731354644121415715410,ES6693157027915669769898
iban,ES7930892880219300704059,ES4993334493169921805090
name,Alondra Jaén Coronado,Anon2623 Doe4736 Dupont5642
name,Paulina Castejón Lucas,Anon1200 Doe7717 Dupont1998
name,Natanael Zapata Catalán,Anon9542 Doe2274 Dupont9813
name,Isaura Sainz Garay,Anon8981 Doe8925 Dupont4613
email,pancho.alberto86@empresa.org,l32ghz0u922b9x7a@offlloo.org
email,coral.oliveras75@gmail.com,sorspjabzlrn5zk7@kmqog.com
iban,ES4921037517967946871926,ES3899275424009727187273
iban,ES3830082318536662028376,ES8376423679081635593333
name,Libero Pancho Alberto,Anon6625 Doe7400 Dupont1589
name,Coral Oliveras Aguilar,Anon5865 Doe8105 Dupont3960
email,leocadio.coloma2@empresa.org,bucfu9sc7te1kad0@xrbqoxb.org
iban,ES6702352728726533292994,ES9834668904695176310421
name,Leocadio Coloma Amo,Anon7801 Doe6819 Dupont6642
email,emilio.casado1@outlook.com,fyp451aabhn3ju@ugpeahc.com
iban,ES9721005028613744168609,ES9573723749507961409837
email,main.dupont.tfg@gmail.com,tkjxxizh2qjn7no@tyoqf.com
email,main.dupont.tfg@gmail.com,244ezqtg9p6cfe1@momso.com
email,main.dupont.tfg@gmail.com,15buh3iwsc8t14u@texwh.com
name,Google Ireland Ltd,Anon5615 Doe7355 Dupont3612
email,main.dupont.tfg@gmail.com,c21xzv45e5ukder@ieuye.com
email,main.dupont.tfg@gmail.com,04k16y4pbrjoqrh@suxov.com
email,main.dupont.tfg@gmail.com,vzur0e2bjzfra33@ncuwk.com
name,Google Ireland Ltd,Anon4916 Doe7873 Dupont3408
name,Project Permanent Deletion,Anon9033 Doe3014 Dupont7911
name,Warning Dear Developer,Anon8964 Doe7992 Dupont7559
name,Your Google Cloud,Anon1938 Doe7777 Dupont8250
name,Google Cloud Platform,Anon4502 Doe6020 Dupont6853
name,Resource Manager Documentation,Anon4436 Doe4105 Dupont5499
name,Google Cloud Platform,Anon1767 Doe4664 Dupont6245
name,The Google Cloud,Anon6571 Doe2601 Dupont9394
email,support-eu@google.com,n8x6b2j5mu@bzfdrq.com
email,support-eu@google.com,9vt058bahx@chsrel.com
phone,800000296,057252807
phone,800000296,202779740
name,Google The Google,Anon6933 Doe9272 Dupont4181
name,Google Ireland Limited,Anon4085 Doe7963 Dupont8586
name,Barrow Street Dublin,Anon8567 Doe4032 Dupont3999
name,Google Ireland Ltd,Anon5011 Doe2322 Dupont5480
