value,data,adata
email,main.dupont.tfg@gmail.com,w626jkg4noi0in9@suqlt.com
name,Take,Anon4375
name,Gordon House,Anon8701
email,nicolas.busquets8@yahoo.com,li6s4wx1nh79tx93q@ywfgk.com
name,Nicolás Busquets Calvet,Anon3282
name,nostrud exercitation,Anon3729
name,aliquip ex ea commodo,Anon8291
name,fugiat nulla pariatur,Anon1389
name,officia,Anon1478
name,mollit,Anon5827
name,blanditiis aperiam vel totam,Anon8712
name,unde,Anon3506
name,numquam saepe aut,Anon4081
name,recusandae ducimus neque eum,Anon9154
name,magni,Anon8382
name,quidem blanditiis,Anon6379
name,nesciunt necessitatibus,Anon2228
name,excepturi assumenda,Anon1184
name,eveniet soluta,Anon5110
name,aliquid similique,Anon2947
name,voluptatem,Anon6238
name,voluptate consequuntur,Anon9272
name,totam,Anon4288
name,consequuntur consequatur necessitatibus,Anon3168
name,veniam optio,Anon2988
name,facilis,Anon1414
dni_nie, 56544031A,***4403**
dni_nie,37877851W,***7785**
email,borja.llopis12@hotmail.es,10zdnnfuqn2idn@oapddvb.es
email,alma.bernal57@hotmail.es,q2xru0b68igf7@xlphfmb.es
iban,ES3030236795856310071830,ES5583454068904322258713
iban,ES2301827458910847987902,ES9351944249764399785419
iban,ES0230986509655515340042,ES9687297155215842654612
name,Lorem Alma Bernal Lumbreras,Anon5348
name,nostrud exercitation,Anon2325
name,aliquip ex,Anon9444
name,voluptate velit,Anon1152
name,fugiat nulla pariatur,Anon7286
name,officia,Anon9345
name,mollit anim id est laborum,Anon4968
name,aliquam assumenda eveniet?,Anon9997
name,iusto,Anon3228
name,aliquam laudantium voluptatem sequi officia,Anon8992
name,"nesciunt
aut eligendi reprehenderit deleniti amet",Anon3542
name,reprehenderit amet nam,Anon3423
name,"Qui Albina
",Anon8113
name,Saavedra Romeu,Anon4248
name,repudiandae reiciendis,Anon3479
name,molestias officiis eveniet,Anon2840
name,inventore,Anon8302
name,totam eius,Anon5502
name,aliquam voluptatem,Anon7906
name,Borja Llopis Grau exercitationem,Anon5559
name,accusantium fugiat,Anon3003
name,obcaecati perspiciatis,Anon1677
name,corrupti perferendis illo,Anon6751
dni_nie, 10878458X,***7845**
email,josefa.tena23@empresa.org,6uo2m9i0mkmju@ifwzrvj.org
iban,ES5531796829440498127858,ES6162878632292987097656
name,nostrud,Anon7206
name,exercitation ullamco,Anon8728
name,aliquip ex ea commodo consequat,Anon1443
name,ES5531796829440498127858,Anon1068
name,fugiat nulla pariatur,Anon4455
name,officia,Anon4104
name,mollit anim id est laborum,Anon4105
name,adipisci id itaque,Anon7615
name,Josefa Tena Cantón,Anon1025
name,ullam at veritatis dolorem,Anon9555
name,impedit similique,Anon2435
name,necessitatibus officia,Anon2094
name,voluptate,Anon2986
name,tenetur,Anon7809
name,officia dolorem,Anon3180
name,facilis,Anon5438
name,velit,Anon6093
name,numquam praesentium,Anon9248
name,unde impedit magni,Anon5459
name,quaerat fugiat,Anon5984
name,voluptatem saepe error sit,Anon9902
name,consequatur,Anon4323
name,deleniti cum?,Anon1326
dni_nie, 83682531K,***8253**
dni_nie, 43551592B,***5159**
email,amada.valenzuela17@gmail.com,l8fuuzg4zybdcahyam@xifcn.com
email,silvio.pereira62@hotmail.es,qss9u0gra1gwufem@ezgtqou.es
iban,ES6515505337151700842118,ES1432057605512555393407
name,Silvio Pereira Perez,Anon1519
name,nostrud,Anon4223
name,exercitation ullamco,Anon8398
name,aliquip ex ea commodo consequat,Anon8361
name,fugiat nulla pariatur,Anon3977
name,officia,Anon9262
name,mollit anim id est laborum,Anon4305
name,totam,Anon8790
name,placeat tenetur,Anon4170
name,obcaecati itaque,Anon1550
name,officiis silvio.pereira62@hotmail.es,Anon1421
name,blanditiis quaerat similique at inventore,Anon6480
name,Mollitia,Anon2071
name,"perspiciatis in vero obcaecati reiciendis
repudiandae",Anon5491
name,exercitationem voluptate illo cumque,Anon8520
name,cum ea,Anon9779
name,Atque cumque,Anon5872
name,voluptatibus,Anon4075
name,inventore,Anon9038
name,Teruel recusandae,Anon7530
dni_nie, 73259309P,***5930**
email,carolina.yuste41@empresa.org,cmj1pf58reuigcux@luddqxk.org
email,socorro.fuster99@hotmail.es,nhxda9htrdrsexuz@jeqfhwy.es
iban,ES3800756427524534627690,ES7142942688185423826230
iban,ES2831917144610263277897,ES3853003917183813305340
name,Socorro Fuster Rivera,Anon9191
name,veniam,Anon9022
name,nostrud,Anon5223
name,exercitation ullamco,Anon8023
name,aliquip ex ea commodo consequat,Anon4390
name,fugiat nulla pariatur,Anon3037
name,officia,Anon1896
name,mollit,Anon2476
name,ullam illo,Anon2319
name,perspiciatis,Anon4054
name,officia,Anon9373
name,hic,Anon9601
name,recusandae,Anon8523
name,Eaque ullam,Anon2164
name,velit,Anon6837
name,"assumenda deleniti
recusandae tenetur",Anon9260
name,Inventore fugiat,Anon9400
name,voluptate,Anon7852
name,officia soluta,Anon1222
name,fugiat laudantium eveniet,Anon7064
name,Eaque,Anon9777
name,exercitationem reiciendis,Anon9558
name,recusandae molestias,Anon6396
name,ES2831917144610263277897,Anon3643
name,iusto,Anon9006
dni_nie, 29173211B,***7321**
email,climaco.peral78@hotmail.es,v7oy3dwhulr7ss9@ucbppfa.es
iban,ES3331171360026278460969,ES5649498559807079610569
name,veniam,Anon1423
name,aliquip ex ea commodo consequat,Anon4493
name,fugiat nulla,Anon4762
name,ES3331171360026278460969,Anon7811
name,officia,Anon8724
name,mollit,Anon3053
name,perferendis commodi nam,Anon6886
name,vero repudiandae,Anon8307
name,Illum,Anon8716
name,assumenda,Anon2656
name,adipisci,Anon8906
name,saepe rem,Anon6942
name,iusto totam veniam,Anon3636
name,magni,Anon4072
name,ducimus ullam,Anon6505
name,Ab facere nostrum assumenda,Anon2391
name,temporibus repudiandae,Anon1750
name,laboriosam,Anon4308
name,quaerat cumque,Anon8715
name,distinctio,Anon8243
name,cum,Anon3022
name,totam,Anon6087
name,Explicabo,Anon3400
name,aperiam aliquid nisi,Anon8738
name,adipisci?,Anon8669
name,totam repellendus sit animi,Anon8819
name,voluptatibus impedit quidem optio,Anon4962
dni_nie,"
29657834R",***5783**
email,vicente.arenas15@gmail.com,p32op0dgp7zbzvt6@gtfyu.com
email,aaron.tomas23@yahoo.com,7zrd5s7xh306o@rebhe.com
iban,ES3330354904965757852184,ES2041699088211459099748
name,veniam,Anon8101
name,aliquip ex ea commodo consequat,Anon1976
name,fugiat nulla,Anon8711
name,officia,Anon3266
name,mollit anim id est laborum,Anon7060
name,Veniam,Anon7048
name,recusandae inventore,Anon5623
name,quisquam minus?,Anon4153
name,Similique quaerat dolorem,Anon3789
name,blanditiis repellat,Anon4713
name,veniam,Anon5488
name,facilis,Anon8102
name,inventore ipsa,Anon5675
name,quibusdam perspiciatis,Anon7924
name,eveniet,Anon2720
name,nam ullam,Anon2222
name,accusamus reprehenderit,Anon9145
name,mollitia aperiam excepturi,Anon9858
name,Consectetur voluptatem quaerat eligendi,Anon5318
name,blanditiis ullam,Anon4368
name,facilis veritatis,Anon4862
name,velit magnam quasi reprehenderit mollitia nihil,Anon9479
name,facilis magnam ullam corrupti pariatur fugiat,Anon7034
name,voluptate,Anon9568
name,eius,Anon7238
name,pariatur ullam eveniet,Anon1474
name,Soluta consequatur,Anon7989
name,voluptate dolorum,Anon6594
name,voluptatem ea,Anon6288
name,aperiam veniam,Anon6890
iban,ES2630588624358573277173,ES8841905789999243412928
iban,ES6831879484140165671326,ES6843333368843910411440
name,aliquip ex ea commodo,Anon3619
name,fugiat,Anon2184
name,officia,Anon6386
name,mollit anim id est laborum,Anon8438
name,Mollitia,Anon4716
name,officiis debitis nam delectus,Anon6526
name,aperiam iure,Anon3041
name,fugiat exercitationem,Anon9148
name,Laboriosam,Anon5153
name,dolorem cum,Anon1634
name,laboriosam Córdoba,Anon8985
name,ES6831879484140165671326,Anon9343
name,Lupe Rosado Crespi,Anon9004
name,laboriosam,Anon1185
name,ullam saepe maiores,Anon8953
name,nesciunt voluptatibus,Anon1200
dni_nie, 21980651B,***8065**
dni_nie, 31930001K,***3000**
email,noa.arevalo9@empresa.org,apk5wxg11vkt@konxfta.org
email,andres.felipe.roldan5@gmail.com,zb0ws7mjd5im06t100c6p@fvjsf.com
iban,ES3601982974512171639417,ES1038641876635596018660
name,"Andrés Felipe
Roldan Olmo",Anon2349
name,exercitation ullamco,Anon2503
name,aliquip ex ea commodo consequat,Anon3766
name,fugiat nulla pariatur,Anon2058
name,officia,Anon9031
name,mollit anim id est,Anon5770
name,tenetur assumenda dolorem,Anon3668
name,Inventore,Anon7026
name,placeat mollitia,Anon3123
name,exercitationem pariatur voluptate esse,Anon9959
name,similique dolorum ullam,Anon3792
name,sit,Anon8066
name,reiciendis veritatis,Anon9466
name,quaerat saepe sed neque,Anon6792
name,reprehenderit eos blanditiis,Anon6191
name,laudantium saepe,Anon3876
name,Illo,Anon5015
name,iste adipisci,Anon6639
name,sit reprehenderit,Anon4048
dni_nie, 88435347W,***3534**
email,inigo.caro97@hotmail.es,xbyxclp8erva@cpqyjvx.es
iban,ES8802391470879763137925,ES3496037127228914505879
name,nostrud,Anon5900
name,exercitation ullamco,Anon6327
name,aliquip ex ea commodo consequat,Anon4578
name,fugiat nulla pariatur,Anon1541
name,officia,Anon1933
name,mollit anim id est,Anon5838
name,Optio fugiat laboriosam,Anon1479
name,Dolorum,Anon2846
name,Íñigo Caro Escobar,Anon9207
name,magnam,Anon1226
name,dolorem mollitia,Anon3541
name,explicabo,Anon6939
name,aliquam quasi,Anon2653
name,iusto totam reprehenderit assumenda nesciunt,Anon6755
email,cosme.feijoo60@yahoo.com,bjcjfulcefcxu3@mzvvj.com
name,veniam,Anon2478
name,aliquip ex ea commodo consequat,Anon6232
name,fugiat nulla,Anon5499
name,officia,Anon1781
name,mollit anim id est laborum,Anon8892
name,exercitationem officiis,Anon7110
name,minus dolorem harum 67210820,Anon7010
name,fugiat accusantium,Anon6206
name,Unde distinctio,Anon3945
name,quam debitis,Anon4497
name,aliquid saepe fuga,Anon8791
name,velit facere vero corrupti,Anon9496
name,distinctio,Anon4682
name,Eveniet,Anon5565
name,nemo debitis eos magnam ipsum assumenda deleniti,Anon3560
name,quaerat ea,Anon8484
name,voluptatibus reiciendis totam,Anon5125
name,dolorem odit,Anon7176
name,ullam,Anon1492
email,nando.ferrandiz70@outlook.com,0sf9vdgirw7zloy2t@vtrlhvx.com
iban,ES7631179323115029544631,ES6842429725044438771010
iban,ES2520805835118837058493,ES6164966890367572304114
name,nostrud,Anon8470
name,exercitation ullamco,Anon2708
name,aliquip,Anon9721
name,Adriana Verdugo,Anon9398
name,fugiat,Anon5726
name,officia,Anon8910
name,mollit anim id est laborum,Anon4500
name,veniam,Anon4533
name,ullam mollitia,Anon3818
name,minus animi ut,Anon4771
name,magni,Anon6799
name,laboriosam cupiditate,Anon2787
name,magnam,Anon3528
name,magnam voluptatum,Anon2316
name,amet repudiandae officia itaque,Anon8850
name,sequi,Anon9660
name,ad tenetur nam velit architecto,Anon7725
name,velit,Anon1290
name,eaque impedit obcaecati quia,Anon4099
name,deleniti quod,Anon9883
name,numquam magnam ipsa,Anon1793
name,ES2520805835118837058493 architecto,Anon6598
name,Modi,Anon5472
name,quaerat,Anon2928
name,quibusdam mollitia minus,Anon2098
name,fugiat magni numquam,Anon5022
name,veniam sit qui,Anon4590
dni_nie,"
08697923J",***9792**
email,calista.elorza87@yahoo.com,xq53db5qzhrcm1hs@hwrhn.com
name,veniam,Anon5037
name,aliquip ex ea commodo consequat,Anon5169
name,fugiat nulla,Anon3618
name,officia,Anon1240
name,mollit anim id est,Anon1337
name,Soluta,Anon4973
name,inventore,Anon2479
name,laboriosam totam,Anon8434
name,officia,Anon8646
name,nesciunt,Anon7221
name,quisquam recusandae minus,Anon4544
name,fugiat,Anon2143
name,laboriosam,Anon7706
name,veniam ipsam,Anon8803
name,quam amet debitis,Anon2852
name,ipsa cupiditate sequi reprehenderit,Anon8689
name,neque numquam repellat vel sed,Anon8463
name,veniam,Anon1206
name,Totam,Anon9972
name,aperiam deleniti velit,Anon7754
name,iusto,Anon6197
name,sunt blanditiis ullam nobis,Anon2923
name,exercitationem,Anon2429
name,voluptatibus illo ullam,Anon6768
name,officia,Anon9224
name,recusandae necessitatibus,Anon3637
name,consequatur placeat inventore,Anon3888
name,molestiae reiciendis,Anon7984
dni_nie, 80746331R,***4633**
name,veniam,Anon3586
name,aliquip ex ea commodo consequat,Anon4892
name,fugiat nulla,Anon1271
name,officia,Anon2745
name,mollit anim id est laborum,Anon2135
name,tenetur doloremque,Anon3040
name,distinctio,Anon7189
name,voluptate,Anon2829
name,Marina Corbacho Olivé,Anon6490
name,velit architecto voluptas adipisci,Anon5021
name,aliquam voluptatem porro nemo,Anon4979
name,quibusdam accusantium,Anon4674
name,quaerat quae,Anon3533
name,officiis ullam quae,Anon9461
name,exercitationem impedit doloremque?,Anon2685
name,voluptatibus omnis adipisci ad sapiente,Anon9048
name,officiis,Anon2152
name,deleniti aliquam,Anon5626
name,nostrum mollitia cum,Anon3126
name,Amparo Cabello Llanos,Anon6235
name,totam,Anon9230
dni_nie, 50104758V,***0475**
email,marcos.araujo74@outlook.com,pi4t97457l2lz5a@uktlcna.com
email,climaco.pina33@yahoo.com,g86zg2vni2ial5@ndoci.com
name,veniam,Anon1613
name,aliquip ex ea commodo consequat,Anon5434
name,Jaén,Anon3567
name,fugiat,Anon6262
name,officia,Anon8114
name,mollit anim id est laborum,Anon2217
name,possimus reiciendis,Anon5441
name,iusto,Anon5078
name,Clímaco Pina Carrillo,Anon3835
name,blanditiis quae,Anon4765
name,facere blanditiis exercitationem veritatis,Anon1889
name,recusandae saepe magnam iste,Anon9726
name,corrupti Marcos Araujo Echeverría,Anon6943
name,consequatur saepe,Anon8328
name,asperiores blanditiis,Anon5829
name,consequuntur maxime,Anon7377
name,sit,Anon6198
name,Doloribus,Anon3411
name,totam,Anon2494
dni_nie, 50515601B,***1560**
email,manu.pena72@gmail.com,cwgyub0dm97@fjjtk.com
iban,ES5731831686890077083292,ES4728822759243393426534
iban,ES8320952341532635462672,ES9361308067275872259165
name,Cosme Feijoo Marí veniam,Anon1392
name,aliquip,Anon8480
name,fugiat nulla pariatur,Anon4403
name,officia,Anon6154
name,mollit Valencia,Anon7711
name,Aliquam,Anon8103
name,iusto,Anon1558
name,aliquam,Anon8732
name,voluptatem laudantium,Anon1134
name,sequi,Anon6061
name,tenetur fugiat eveniet,Anon7230
name,velit cumque,Anon2084
name,ullam eos amet aliquam quae officia,Anon9051
name,totam,Anon2074
name,facilis iusto,Anon4554
name,facilis,Anon8225
name,Adipisci,Anon2556
name,laboriosam deleniti non,Anon8737
name,aliquid odit obcaecati,Anon5469
name,nihil distinctio,Anon5568
name,laboriosam iste quisquam,Anon1676
name,recusandae,Anon7540
name,ES8320952341532635462672,Anon1850
name,pariatur unde,Anon2211
name,aliquam ut blanditiis,Anon6784
iban,ES7430172817383964372621,ES1587522524973125323972
name,nostrud exercitation,Anon8355
name,aliquip ex ea commodo,Anon8961
name,fugiat nulla pariatur,Anon8383
name,officia,Anon3165
name,mollit anim id est laborum,Anon2690
name,voluptatibus,Anon1154
name,magni architecto,Anon2358
name,adipisci,Anon6865
name,iusto,Anon3316
name,magni quod,Anon7634
name,repudiandae impedit,Anon5131
name,Ab,Anon4568
name,aspernatur blanditiis,Anon3295
name,facilis,Anon9985
name,iusto,Anon5088
name,voluptate ea,Anon6170
name,sequi pariatur eius,Anon1876
name,animi distinctio,Anon6124
name,María Belén Casal,Anon1651
name,Capdevila,Anon1860
name,eveniet eius debitis,Anon9958
name,exercitationem rem magnam,Anon1057
name,placeat autem,Anon8454
name,explicabo impedit porro,Anon5134
dni_nie, 81777913X,***7791**
email,carmelita.arenas44@outlook.com,g9uo6ps30l2wly57g6@zrnnmdy.com
iban,ES5502298684813651544963,ES8675470942441350631117
name,veniam,Anon3590
name,aliquip ex ea commodo consequat,Anon2580
name,fugiat nulla,Anon9003
name,officia,Anon2561
name,mollit anim id est laborum,Anon6672
name,nam blanditiis suscipit rem,Anon8235
name,Carmelita Arenas Agullo,Anon9565
name,nostrum assumenda,Anon9366
name,explicabo,Anon2764
name,repellat dolorem quam,Anon9458
name,omnis,Anon3417
name,Quidem reiciendis,Anon9659
name,blanditiis quasi numquam harum,Anon8503
name,inventore,Anon5029
name,temporibus minus accusamus,Anon6297
name,eveniet iusto velit,Anon7553
name,Nihil debitis at,Anon2845
name,assumenda repellat,Anon8082
name,inventore,Anon4106
name,velit,Anon6712
name,iusto numquam,Anon8797
name,Neque,Anon9021
name,ES5502298684813651544963,Anon2703
dni_nie,"
05944066S",***4406**
dni_nie, 13570758E,***7075**
email,eloisa.barcelo46@outlook.com,42txih9bkyszl4gg@qupljzd.com
email,borja.llopis12@hotmail.es,f47ad1yzy831lk@sklgibp.es
iban,ES9530671040146740887647,ES2878224424617543883680
name,aliquip ex,Anon7300
name,fugiat nulla pariatur,Anon3743
name,officia,Anon4194
name,mollit,Anon6177
name,veniam,Anon2379
name,explicabo obcaecati,Anon5710
name,velit,Anon1345
name,Eloísa Barceló Iñiguez,Anon2471
name,Cloe,Anon6588
name,Ballesteros Montesinos,Anon4836
name,exercitationem voluptatum,Anon1671
name,totam sequi,Anon3128
name,ducimus dolorem,Anon5665
name,Veniam,Anon7186
name,provident repudiandae debitis,Anon9011
name,minus illum,Anon7708
name,veniam,Anon9511
name,facilis,Anon8841
name,illo aliquid,Anon9683
name,provident impedit omnis,Anon5745
name,totam repellat,Anon7663
email,javiera.campoy85@empresa.org,c9fo6qmru6eq0hn4@drmufsm.org
iban,ES6430767401560948654374,ES7839800686987193622078
name,veniam,Anon4864
name,aliquip ex ea commodo consequat,Anon1119
name,fugiat nulla pariatur,Anon6664
name,officia,Anon2664
name,mollit,Anon3233
name,voluptate aliquam iste,Anon3344
name,León blanditiis,Anon9460
name,Eos,Anon6444
name,possimus sit,Anon3529
name,iusto ea qui praesentium,Anon1166
name,"explicabo cum
odit nihil reiciendis sapiente",Anon7251
name,quaerat praesentium,Anon6874
name,Javiera Campoy Carvajal,Anon8431
name,Assumenda,Anon6816
name,velit maiores,Anon1014
name,"sequi distinctio odit aliquam provident earum
reiciendis est velit quo",Anon3196
name,adipisci,Anon6048
name,autem repudiandae laboriosam,Anon2159
name,voluptate animi,Anon5387
dni_nie,"
64317090M",***1709**
email,norberto.lobato91@outlook.com,4hwdix6eqf4uc386a@knkiswr.com
email,roberto.chacon73@outlook.com,d5xlfzcsg4m0wk28@kctttbt.com
iban,ES2731407965619517999454,ES5002116774157079762977
name,nostrud exercitation,Anon2268
name,aliquip ex ea commodo,Anon8677
name,fugiat nulla pariatur,Anon9852
name,officia,Anon6146
name,mollit anim id est laborum,Anon7512
name,magni delectus,Anon2842
name,Assumenda,Anon7236
name,Pariatur,Anon9058
name,eum sequi,Anon6151
name,Roberto Chacón Castro,Anon7702
name,perspiciatis recusandae optio,Anon6317
name,omnis laudantium,Anon4615
name,exercitationem sit ea consequatur qui blanditiis,Anon7623
name,Norberto Lobato Sancho,Anon2815
name,consequuntur blanditiis fugiat veritatis eligendi,Anon2803
email,lazaro.figueroa33@outlook.com,e4icmdpz7rln2sqso@fnreraz.com
iban,ES6220454982747140300773,ES6580678321245755393267
name,aliquip ex ea,Anon8889
name,Lázaro Figueroa Juárez,Anon2525
name,lazaro.figueroa33@outlook.com fugiat nulla,Anon1674
name,officia,Anon1574
name,mollit anim id est,Anon5264
name,Illum,Anon6273
name,fugiat iusto,Anon8148
name,nobis reiciendis,Anon8449
name,tenetur aperiam rem,Anon4761
name,deleniti cum libero atque aliquid,Anon7790
name,veniam consequuntur,Anon7212
name,magni,Anon4798
name,eveniet neque accusamus,Anon5775
name,voluptate aperiam,Anon2646
name,velit,Anon9217
name,provident voluptate,Anon5057
name,recusandae ea temporibus blanditiis ipsum placeat,Anon6689
name,fugiat,Anon5874
dni_nie,86850529E,***5052**
email,sonia.arnau83@hotmail.es,n1yzjygx6cyl3@iljwsvi.es
iban,ES7230238549692518351061,ES9945585137730577387990
iban,ES6531792081503725043982,ES3547584312123869644688
name,veniam,Anon5490
name,aliquip ex ea commodo,Anon8014
name,Duis Juliana,Anon9494
name,fugiat nulla,Anon3412
name,officia,Anon4708
name,mollit anim id est laborum,Anon1601
name,Sonia Arnau Arnaiz,Anon3100
name,exercitationem debitis,Anon2110
name,eos consequatur rem dolore,Anon7117
name,fugiat blanditiis eveniet,Anon9116
name,totam,Anon5383
name,totam,Anon8483
name,nesciunt vero,Anon2362
name,magni vero omnis,Anon3154
dni_nie,"
62387667Y",***8766**
dni_nie, 63343360A,***4336**
email,hermenegildo.alegre46@gmail.com,5qzpf8wl0k0ayd3uj6wed@yaydz.com
iban,ES4201863711536834527450,ES9395644807536348232704
name,nostrud,Anon2663
name,exercitation ullamco,Anon1903
name,aliquip ex ea commodo consequat,Anon8668
name,Duis aute,Anon4391
name,Fortunato Rueda Orozco,Anon4612
name,voluptate velit,Anon4203
name,fugiat nulla pariatur,Anon7017
name,officia,Anon1380
name,mollit anim id est laborum,Anon7354
name,quaerat accusamus,Anon9737
name,fugiat aliquam,Anon8195
name,fugiat aspernatur odit,Anon2530
name,aliquam,Anon1755
name,adipisci,Anon5709
name,perspiciatis nulla veritatis,Anon7896
name,doloribus,Anon7960
name,exercitationem officiis,Anon3313
name,voluptate,Anon5329
name,Eius veniam,Anon1063
name,fugiat,Anon5414
name,saepe quaerat,Anon2487
name,velit blanditiis neque,Anon3769
name,adipisci quod,Anon7343
name,debitis dicta dolorem,Anon4939
name,Corrupti,Anon4566
name,nesciunt placeat,Anon2712
name,facilis laudantium,Anon6982
name,aliquid mollitia,Anon6128
dni_nie, 81447275C,***4727**
email,jose.maria.hurtado63@outlook.com,epzlhjn4xc8rfnfwk4k7@kqzacva.com
email,nelida.reguera84@hotmail.es,azbxy15bku95x6fg@bchlgqu.es
iban,ES6131153315979625646503,ES3783443990332020113969
iban,ES3820568591922987068944,ES4226962582367215583619
name,nostrud exercitation,Anon3556
name,aliquip ex ea commodo,Anon1954
name,voluptate velit,Anon9534
name,fugiat nulla pariatur,Anon1449
name,officia,Anon9422
name,mollit anim id est laborum,Anon1851
name,Nélida Reguera Macías Girona,Anon3713
name,voluptate voluptatem,Anon3577
name,perspiciatis debitis nam,Anon6112
name,eveniet repudiandae,Anon8535
name,fugiat itaque,Anon9156
name,aliquam placeat,Anon6416
name,quaerat,Anon6454
name,minus sit obcaecati ea cumque,Anon7428
name,reprehenderit veritatis reiciendis,Anon9960
name,placeat sequi,Anon4637
name,voluptate quasi consequuntur adipisci omnis,Anon6864
name,José María Hurtado Cerezo magni assumenda,Anon9303
name,adipisci aperiam,Anon4847
name,distinctio fugiat,Anon6523
name,Voluptatem,Anon8697
name,aliquam,Anon3355
dni_nie, 54634809B,***3480**
dni_nie, 74065048B,***6504**
email,aaron.iniesta39@yahoo.com,8p68ec12gt29gdx@rtwqs.com
email,elena.morales81@outlook.com,0afawqoc6yqpsyy@xcwgtnd.com
iban,ES5021003552525265928383,ES6208751008665608231010
name,aliquip ex ea commodo,Anon4870
name,fugiat nulla,Anon2252
name,officia,Anon6014
name,mollit anim id est laborum,Anon9320
name,Pariatur,Anon8285
name,aliquam saepe explicabo,Anon6254
name,reiciendis inventore,Anon2804
name,Quaerat,Anon3750
name,debitis repellendus,Anon4119
name,totam cum reiciendis,Anon3138
name,possimus adipisci,Anon2030
name,nihil,Anon3929
name,pariatur obcaecati,Anon1917
name,hic nostrum,Anon1683
name,reprehenderit voluptate,Anon1881
name,Placeat,Anon7165
name,exercitationem accusantium officia,Anon6575
name,Aarón Iniesta,Anon2113
name,Villegas,Anon9253
email,modesto.gonzalez58@empresa.org,8uyrk4y29umwo9l2yx@ylnjfjv.org
iban,ES2730581292893046948157,ES1748975708359148475989
name,veniam,Anon7000
name,aliquip ex ea commodo consequat,Anon5818
name,fugiat nulla,Anon8430
name,officia,Anon9138
name,mollit anim id est laborum,Anon8175
name,Omnis,Anon8084
name,fugiat saepe amet,Anon3366
name,adipisci,Anon7293
name,magnam beatae,Anon8079
name,sequi voluptate ipsum,Anon7305
name,at aliquam quae iste,Anon9276
name,pariatur ullam odit,Anon3055
name,"tenetur impedit ad earum
recusandae perferendis vero sequi",Anon2192
name,cum ab officiis quisquam,Anon9060
name,Aperiam,Anon3459
name,velit,Anon3703
name,quasi reprehenderit,Anon9047
name,autem inventore,Anon1021
name,maxime quaerat reprehenderit,Anon1947
name,aliquam autem,Anon1705
name,aspernatur reprehenderit,Anon9421
name,aliquam sequi veniam,Anon1116
name,recusandae eum voluptatum assumenda,Anon6958
email,plinio.anaya58@gmail.com,eskz9xkqq1em0s@xvskj.com
iban,ES7401824330916555556842,ES0548957250369964927866
name,veniam,Anon9205
name,aliquip ex ea commodo consequat,Anon5199
name,fugiat nulla pariatur,Anon9714
name,officia,Anon5652
name,mollit anim id est laborum,Anon1608
name,saepe veniam magni,Anon9298
name,tenetur,Anon2452
name,ea distinctio,Anon3574
name,nam minus vero mollitia,Anon6777
name,debitis neque,Anon4086
name,cum,Anon6726
name,explicabo necessitatibus qui consequuntur,Anon8631
name,ES7401824330916555556842,Anon4649
name,consequatur laboriosam,Anon9982
name,velit,Anon7481
name,quaerat fugiat,Anon4906
name,laborum fugiat,Anon6749
name,veniam corrupti commodi,Anon6123
name,Borja Llopis Grau,Anon3805
name,quaerat velit,Anon2457
name,adipisci saepe,Anon4654
name,aspernatur fugiat sit,Anon3405
name,numquam,Anon5896
name,magni distinctio,Anon4396
name,voluptate obcaecati,Anon1170
name,saepe repudiandae doloribus,Anon9931
name,tenetur,Anon9541
name,Sequi,Anon4016
name,totam officia cum,Anon6934
name,explicabo,Anon1214
name,quam aliquam numquam,Anon7704
name,veniam,Anon1168
email,clotilde.peralta98@hotmail.es,ss97orz0vpfsdwz00v@exoftgm.es
name,aliquip ex ea commodo consequat,Anon8310
name,fugiat nulla,Anon9295
name,officia,Anon3787
name,mollit anim id est laborum,Anon4910
name,Dolorem,Anon3452
name,officia,Anon5245
name,fugiat,Anon3437
name,debitis,Anon9159
name,eveniet,Anon4208
name,ullam,Anon5825
name,perspiciatis,Anon1879
name,voluptatem eum,Anon8164
name,sit exercitationem eos maxime,Anon4803
name,cum nam,Anon2545
name,maxime,Anon2053
name,numquam aperiam aliquid,Anon3924
name,reiciendis,Anon5525
name,neque,Anon1075
name,inventore,Anon8866
name,totam recusandae quod,Anon7782
name,explicabo,Anon6581
name,ducimus ullam laudantium mollitia,Anon2858
name,quasi,Anon5963
name,adipisci enim explicabo,Anon6702
name,inventore officiis doloremque,Anon5588
name,consequatur blanditiis,Anon2054
name,Incidunt minus reprehenderit,Anon3975
name,sed exercitationem odit eaque,Anon4867
name,Necessitatibus,Anon2641
name,officiis dolorem dolorum eaque,Anon9498
name,exercitationem,Anon4177
name,autem recusandae,Anon9155
name,aliquip ex ea commodo consequat,Anon2934
name,fugiat nulla,Anon8692
name,officia,Anon2415
name,mollit anim id est laborum,Anon2511
name,consequuntur impedit quia,Anon5992
name,eveniet similique,Anon4734
name,blanditiis repellat,Anon8789
name,obcaecati dolorem ullam optio,Anon8727
name,sed minus exercitationem inventore,Anon6946
name,reiciendis praesentium,Anon1605
name,veniam quisquam,Anon6521
name,quisquam laboriosam,Anon6335
name,iusto quam,Anon7460
name,aut enim magni,Anon3178
name,Itaque,Anon5936
name,reprehenderit praesentium,Anon2875
name,cum provident,Anon2202
name,numquam nobis,Anon6246
name,Nobis,Anon1731
name,iusto numquam voluptatum,Anon8354
name,veniam,Anon3292
dni_nie, 78917042V,***1704**
email,cipriano.pons74@gmail.com,gclvch2ljrtptar@lvaog.com
iban,ES3030080168048561683892,ES7826521323466074506621
name,veniam,Anon5431
name,aliquip ex ea commodo consequat,Anon9146
name,fugiat nulla,Anon2131
name,officia,Anon9832
name,mollit Teruel,Anon9378
name,Fugiat,Anon9765
name,reiciendis corrupti,Anon1766
name,exercitationem neque,Anon3246
name,autem enim officia,Anon8609
name,provident,Anon3547
name,doloribus,Anon1448
name,architecto officia,Anon8461
name,reiciendis,Anon9625
name,omnis fugiat veniam,Anon7204
name,aliquid,Anon4574
name,odit impedit,Anon4117
name,officiis perferendis,Anon2574
name,aspernatur quae,Anon7874
name,quaerat,Anon5609
name,quasi minus,Anon4915
dni_nie, 13570758E,***7075**
email,primitivo.urrutia16@hotmail.es,advggbeyhayt4srmgft@nigmfsd.es
iban,ES9530671040146740887647,ES1922168665845821150460
name,aliquip ex ea commodo consequat,Anon3824
name,fugiat,Anon1552
name,officia,Anon5252
name,mollit anim id est,Anon7860
name,quaerat,Anon1357
name,voluptatem,Anon5353
name,Tenetur,Anon6803
name,similique minima dolorem,Anon1313
name,deleniti perferendis animi,Anon9609
name,Iusto,Anon4546
name,omnis exercitationem ipsam,Anon8746
name,architecto totam,Anon8176
name,velit,Anon7848
name,Primitivo Urrutia Palomar,Anon7125
name,inventore,Anon8814
name,accusantium,Anon3198
name,consequuntur aliquam,Anon6105
name,iusto,Anon4695
name,placeat eius optio,Anon2046
name,Soluta,Anon7681
name,similique necessitatibus,Anon3170
name,aliquid,Anon9086
name,Iusto,Anon8478
name,"nobis consequatur
aliquid",Anon5798
name,voluptatem distinctio,Anon2365
name,aper,Anon4514
dni_nie,"
63454156P",***5415**
iban,ES2430968676991455890528,ES3683529954296660940047
name,aliquip,Anon4079
name,ES2430968676991455890528,Anon4809
name,fugiat nulla pariatur,Anon7255
name,officia,Anon3480
name,mollit anim id est laborum,Anon1745
name,aspernatur corrupti asperiores,Anon7208
name,quaerat,Anon2314
name,veniam distinctio,Anon3765
name,aliquid debitis,Anon9063
name,pariatur suscipit,Anon1486
name,suscipit dolorem architecto,Anon7655
name,"Alex Herrero
Alvarado Quis",Anon9796
name,officiis,Anon8063
name,voluptate,Anon7071
name,ipsum recusandae,Anon4195
name,placeat voluptate,Anon1415
name,aliquid harum,Anon8135
name,numquam quae accusamus,Anon1699
name,velit debitis,Anon6319
name,officiis laboriosam aliquid quis?,Anon3191
name,reprehenderit dolorem quisquam error,Anon5321
name,iusto aspernatur?,Anon1872
email,jennifer.sanabria20@gmail.com,44rmvgiuchwhka5ck91@jgtbd.com
name,Jennifer Sanabria Barranco,Anon9986
name,nostrud,Anon1058
name,exercitation ullamco,Anon8266
name,aliquip ex ea commodo consequat,Anon1112
name,cillum,Anon3477
name,jennifer.sanabria20@gmail.com dolore,Anon6226
name,fugiat nulla pariatur,Anon6780
name,officia,Anon7627
name,mollit anim id est laborum,Anon1056
name,exercitationem illum,Anon6817
name,cupiditate explicabo fugiat,Anon3681
name,velit,Anon3343
name,Iste,Anon3428
name,eveniet magni mollitia,Anon6131
name,dolorem quaerat,Anon9036
name,velit,Anon1268
name,exercitationem cum ad praesentium laboriosam,Anon7368
name,quaerat eveniet,Anon4296
name,totam,Anon7595
name,Eaque,Anon2993
name,magni,Anon1319
name,eveniet,Anon2128
name,inventore 66677986 voluptatem dolorem,Anon9451
dni_nie,24998894X,***9889**
dni_nie,"
79823561Z",***2356**
email,candela.burgos4@outlook.com,baqzk81c0qb3hmu@gvsysba.com
iban,ES5201869487379728894436,ES9973066584245618045050
iban,ES8630803704263685438388,ES1987178398103385062652
name,aliquip ex ea commodo,Anon9471
name,fugiat nulla,Anon4448
name,officia,Anon3048
name,mollit anim id est laborum,Anon3602
name,Dolore,Anon4897
name,aliquam ipsam,Anon4270
name,fugiat placeat nobis eligendi,Anon3995
name,Nesciunt impedit,Anon6268
name,laboriosam,Anon2333
name,ullam,Anon4384
name,Maxime,Anon6756
name,eveniet corrupti ea neque excepturi,Anon6077
name,tenetur,Anon2016
name,at obcaecati minus,Anon5235
name,autem nam,Anon2086
name,Candela Burgos Santana,Anon1625
name,Segismundo,Anon8171
name,Falcón Reina,Anon9671
name,aliquam iste,Anon1033
name,ullam,Anon6108
name,consequuntur aliquam,Anon4271
name,perspiciatis inventore,Anon3380
name,quas voluptatem nulla architecto provident,Anon1635
name,rerum aperiam,Anon2797
name,Cupiditate,Anon3595
name,Aliquam,Anon1362
name,consequatur optio nihil assumenda?,Anon6953
iban,ES1220486828380395897272,ES3018474848695074201750
name,aliquip ex ea Carlito Tejera Alberola,Anon3689
name,fugiat nulla pariatur,Anon4832
name,officia,Anon4776
name,mollit anim id est laborum,Anon7915
name,Illo,Anon7812
name,veniam,Anon3109
name,perferendis reiciendis,Anon8937
name,tenetur,Anon9895
name,quisquam corrupti et consectetur eveniet,Anon2366
name,reprehenderit provident,Anon5270
name,velit,Anon4477
name,debitis laboriosam,Anon4733
name,asperiores commodi,Anon5973
name,totam inventore,Anon7863
name,tenetur,Anon5206
name,ES1220486828380395897272,Anon4837
name,consequatur esse,Anon1829
dni_nie, 39092727H,***9272**
email,patricia.bermejo32@yahoo.com,w5rk49k9elc1sfecz1@pkaut.com
iban,ES6030232715297759725269,ES4425607134684118201162
iban,ES2330597696227115839935,ES0665575760584444840548
name,Patricia Bermejo Martorell,Anon8068
name,exercitation ullamco,Anon4001
name,aliquip ex ea commodo consequat,Anon5784
name,fugiat nulla pariatur,Anon6676
name,officia,Anon4171
name,Cebrián Casas Rios mollit,Anon9358
name,sit,Anon8810
name,magni consequatur quaerat aliquam quibusdam impedit,Anon5122
name,exercitationem voluptas,Anon9610
name,tenetur,Anon9039
name,eos iste,Anon2516
name,tenetur,Anon4714
name,aliquid minus,Anon8655
name,hic ad nam,Anon9012
name,debitis,Anon6381
name,saepe sunt,Anon3395
name,officiis accusantium,Anon7303
dni_nie, 47431339A,***3133**
iban,ES2330098533685198928678,ES6373298033585555782243
iban,ES4330674876386016031014,ES3840882419045709095721
name,veniam,Anon3106
name,aliquip ex ea commodo consequat,Anon6875
name,fugiat,Anon5369
name,ES2330098533685198928678 nulla pariatur,Anon5207
name,officia,Anon3666
name,mollit,Anon3915
name,Rerum officiis,Anon1691
name,adipisci,Anon3414
name,debitis facere,Anon9081
name,laboriosam,Anon3118
name,assumenda aperiam,Anon6293
name,saepe unde,Anon8161
name,totam quas omnis excepturi,Anon1517
name,sequi voluptate quibusdam,Anon6276
name,"facere id repellat est
commodi",Anon6960
name,Maxime,Anon2015
name,blanditiis saepe rerum,Anon1715
name,Isaura Sainz Garay,Anon3976
name,velit illo harum cumque,Anon8901
name,fugiat placeat,Anon9868
name,Magni,Anon8269
name,saepe sequi,Anon5366
name,ullam quaerat,Anon5320
name,repellendus adipisci,Anon4763
name,velit,Anon7936
name,fugiat,Anon3981
name,animi aliquam,Anon6334
name,consequuntur officia perspiciatis corporis,Anon3974
name,voluptate,Anon9467
name,totam animi,Anon7145
name,nobi,Anon4601
email,sandalio.marin37@yahoo.com,frbcbkn23q52t222@nhtby.com
name,veniam,Anon7273
name,aliquip ex ea commodo consequat,Anon3274
name,fugiat nulla,Anon3500
name,officia,Anon6017
name,mollit anim id est laborum,Anon3588
name,distinctio ea facilis,Anon2562
name,fugiat aspernatur,Anon9918
name,corrupti,Anon6703
name,nam cupiditate ea,Anon4088
name,ducimus voluptatem,Anon3008
name,Deserunt fugiat,Anon2849
name,veniam,Anon8917
name,quaerat,Anon8272
name,quisquam dolorem,Anon4629
name,veniam,Anon3820
name,Magnam,Anon5533
name,iste reiciendis odit impedit,Anon2806
name,ipsum eos incidunt magni,Anon8418
name,Marín Vara,Anon2953
email,gustavo.bolanos72@hotmail.es,613q4m3059uxc1vms@ivpxdta.es
iban,ES9231792504901816366809,ES8563119880776031181466
name,veniam,Anon7621
name,aliquip ex ea commodo consequat,Anon7337
name,fugiat nulla,Anon7903
name,officia,Anon5821
name,mollit anim id est laborum,Anon9314
name,distinctio,Anon8172
name,doloribus,Anon1670
name,pariatur aspernatur eveniet itaque,Anon1301
name,totam,Anon6778
name,Doloribus,Anon8332
name,pariatur quibusdam,Anon6011
name,deleniti quidem,Anon8654
name,aliquid ea sit praesentium,Anon9435
name,impedit quaerat,Anon6687
name,Cupiditate,Anon1560
name,mollitia,Anon2118
name,Totam,Anon8381
name,iusto,Anon3122
name,velit?,Anon4165
name,recusandae saepe reprehenderit,Anon1708
dni_nie, 41366323H,***6632**
dni_nie, 94263205M,***6320**
email,trinidad.gil80@outlook.com,rooqecgspzzfvb@foxpskf.com
email,heriberto.pedraza10@yahoo.com,dbruduht2dwpvku18p6@fuyot.com
iban,ES9431900930662247826792,ES7651830853030725140660
iban,ES3131051922524880858012,ES0871678595836146097127
name,veniam,Anon1545
name,aliquip,Anon6281
name,voluptate velit,Anon4884
name,fugiat nulla pariatur,Anon1508
name,officia,Anon6209
name,mollit anim id est laborum,Anon3745
name,magni molestias,Anon4692
name,fugiat,Anon5877
name,"nesciunt
aliquid perferendis?",Anon9793
name,aspernatur neque similique,Anon9863
name,Trinidad Gil Escobar,Anon9867
name,pariatur voluptate,Anon7187
name,itaque perferendis 94263205M,Anon4748
name,id necessitatibus,Anon2726
name,nesciunt,Anon8685
name,tenetur,Anon7291
name,minus et facere laboriosam,Anon2533
name,magni,Anon4785
name,harum at blanditiis,Anon9826
name,commodi unde,Anon7449
name,doloribus,Anon9828
name,Heriberto Pedraza Larrañaga,Anon2502
name,Aliquam,Anon2929
name,nesciunt vel,Anon8420
name,inventore,Anon8314
dni_nie, 62674813C,***7481**
email,rita.villegas73@gmail.com,e6ybieown60b32z@rggcy.com
email,juan.francisco.padilla38@empresa.org,0reyrbnhy7lez6ezo6afsu9q@ivjshev.org
iban,ES7802394985193540028948,ES9016330319114105439862
name,Castellón 62674813C,Anon9754
name,aliquip ex ea commodo consequat,Anon6791
name,Rita Villegas Marquez,Anon5629
name,fugiat nulla pariatur,Anon8773
name,officia,Anon4154
name,mollit anim id est,Anon3303
name,iusto consequuntur mollitia sequi,Anon5287
name,facilis totam,Anon7543
name,Sed pariatur,Anon2768
name,reprehenderit explicabo aperiam,Anon9213
name,placeat repudiandae,Anon9299
name,illo,Anon1582
name,minus recusandae,Anon3515
name,tenetur,Anon5042
name,Córdoba Dolorem,Anon3654
name,ES7802394985193540028948,Anon4401
name,velit,Anon5226
name,nemo quae,Anon3151
name,quasi temporibus,Anon1794
name,facilis minus consequuntur dolorum,Anon4591
name,veritatis dolorem,Anon8371
name,consequatur eveniet,Anon9798
name,quos blanditiis obcaecati sequi eligendi nobis,Anon2563
name,ducimus,Anon9635
name,corrupti blanditiis nemo,Anon7991
name,veniam,Anon7327
name,aliquip ex ea 63146363 commodo,Anon8405
name,fugiat nulla,Anon2877
name,officia,Anon9385
name,mollit anim id est laborum,Anon2483
name,Pariatur,Anon2967
name,consequuntur aliquam,Anon1719
name,fugiat,Anon3903
name,sit eos,Anon3338
name,totam est aperiam?,Anon1609
name,veniam,Anon9446
name,adipisci,Anon4628
name,deleniti ab sequi quidem,Anon7610
name,aspernatur cum,Anon1091
name,saepe quis optio,Anon4588
name,cum provident,Anon8006
name,nesciunt,Anon1145
name,blanditiis optio debitis assumenda,Anon2594
name,Delectus,Anon6659
name,voluptatibus ullam,Anon5763
dni_nie, 73967891Y,***6789**
dni_nie, 35576543M,***7654**
email,moises.roma3@yahoo.com,dh85qsiuu9lm@blibt.com
email,patricia.bernal1@outlook.com,ttporbglamnudvru@keaednq.com
iban,ES7302391941987418441067,ES3078326210222681824567
iban,ES1431903544206169650346,ES8675819277921250970708
name,veniam,Anon4377
name,aliquip ex ea commodo consequat,Anon4351
name,fugiat nulla,Anon5148
name,officia,Anon6889
name,mollit anim id est laborum,Anon3220
name,Moisés Roma,Anon6781
name,laboriosam officiis,Anon9040
name,optio aliquam laudantium,Anon6991
name,Unde recusandae,Anon4724
name,veniam quasi perferendis voluptates,Anon7756
name,Patricia Bernal Rey,Anon3948
name,Sequi,Anon4188
name,aliquam ab sunt,Anon3270
name,repellat aperiam minus,Anon4736
name,necessitatibus nostrum,Anon8288
name,reiciendis,Anon7484
name,mollitia magnam impedit patricia.bernal1@outlook.com,Anon6578
name,minus reiciendis,Anon1538
name,Ariel Ribera Cabañas,Anon2455
dni_nie,"
60918185V",***1818**
email,osvaldo.miguel19@hotmail.es,p20h5lxdxd1i8w12@puzjxqz.es
name,nostrud,Anon5660
name,exercitation ullamco,Anon5256
name,aliquip ex ea commodo consequat,Anon4948
name,fugiat nulla pariatur,Anon7849
name,officia,Anon8019
name,mollit anim id est,Anon7558
name,doloribus voluptatem,Anon3014
name,totam reprehenderit,Anon2785
name,inventore,Anon3798
name,quaerat praesentium,Anon8034
name,Eos,Anon4473
name,quibusdam minus,Anon4222
name,aspernatur illo,Anon5177
name,magnam placeat facere,Anon3886
name,illum consequatur,Anon2466
name,fugiat,Anon5451
name,assumenda repellat,Anon3169
name,nemo eveniet,Anon2957
name,quam veritatis,Anon3129
name,tenetur optio nam ducimus,Anon4773
name,accusamus cumque,Anon1880
name,quasi magnam laudantium?,Anon4693
dni_nie,"
33409799E",***0979**
dni_nie, 21692375V,***9237**
email,federico.velazquez42@hotmail.es,vmu6nfwyyn7wbzwvxsup@xxeazcd.es
iban,ES4530098813271845257400,ES9331984977977161099411
iban,ES3402371103832225518815,ES1321940640382143104552
name,aliquip ex ea commodo consequat,Anon7434
name,ES4530098813271845257400,Anon8568
name,federico.velazquez42@hotmail.es fugiat nulla pariatur,Anon7330
name,officia,Anon6858
name,mollit anim id est laborum,Anon2264
name,Corporis,Anon2282
name,nihil impedit,Anon1051
name,eveniet,Anon5384
name,similique totam,Anon7018
name,ipsa aliquid commodi,Anon7528
name,placeat aliquam magni ipsum,Anon4982
name,veniam quam saepe,Anon3564
name,Carla Viñas Rodriguez,Anon2279
name,Pariatur,Anon2661
name,vero totam voluptatem,Anon2510
name,magnam,Anon5809
name,Adalberto Gimeno Vazquez,Anon8333
dni_nie, 19416813Y,***1681**
dni_nie, 56804444X,***0444**
email,agapito.aznar34@gmail.com,doxl1ubdf2x43ba@ggizu.com
iban,ES5131380282064054892807,ES2454899613595155599457
name,aliquip ex ea commodo consequat,Anon2488
name,fugiat nulla,Anon1757
name,officia,Anon5642
name,mollit anim id est,Anon3093
name,ES5131380282064054892807,Anon2777
name,fugiat,Anon4508
name,eveniet recusandae vel,Anon7728
name,nemo explicabo illum sit,Anon2521
name,sequi,Anon3172
name,hic assumenda veritatis,Anon7087
name,consequuntur impedit,Anon2560
name,ipsa cum aliquid vel quaerat provident?,Anon6876
name,Eutropio Huguet Fábregas,Anon5253
name,voluptatibus voluptate 56804444X,Anon4558
name,Agapito Aznar Torralba,Anon8540
name,ad suscipit,Anon1225
name,Dolores officiis,Anon3342
name,aliquid sequi,Anon5715
name,pariatur,Anon2973
dni_nie,"
68996678J",***9667**
dni_nie, 08271493A,***7149**
dni_nie,"
98902855A",***0285**
email,albina.diego68@empresa.org,tly6sef7wup6pe@hzmjxvy.org
email,salome.valentin61@gmail.com,suko9tjq4nnm16ta0@gxmhf.com
iban,ES1131570182768398982853,ES4595142336900306344106
iban,ES1200616320063368185537,ES9332778322877713762751
iban,ES0400781027402198998442,ES5349717735963683625162
name,Albina Diego Ramón,Anon6996
name,aliquip ex ea commodo,Anon7929
name,fugiat nulla pariatur,Anon9616
name,officia,Anon6133
name,mollit,Anon5508
name,Corporis,Anon4204
name,consequatur,Anon7309
name,placeat enim,Anon6175
name,magni,Anon2732
name,Salomé Valentín Armengol,Anon5521
name,ab fugiat repellat laborum laudantium laboriosam repellendus,Anon1614
name,08271493A,Anon2506
name,voluptate eos excepturi,Anon7154
name,magnam,Anon7028
name,"unde
salome.valentin61@gmail.com",Anon4187
name,inventore quam,Anon7581
name,quaerat similique velit exercitationem sunt pariatur,Anon7867
name,totam rerum,Anon7784
name,nam harum facilis,Anon4360
name,officia consequatur,Anon2559
name,minus similique veniam magni,Anon2123
name,obcaecati aspernatur iste,Anon3779
name,voluptatibus voluptatem,Anon1022
name,accusantium voluptate,Anon1316
name,voluptates ullam,Anon8094
name,quaerat nesciunt,Anon3863
name,magni,Anon4428
name,recusandae,Anon7358
name,facilis,Anon7742
dni_nie,95886041F,***8604**
email,blanca.escalona82@hotmail.es,fxvyr7vss0cik65x0@lqpifim.es
iban,ES3102167803234838368305,ES1730324813328888935585
iban,ES0300725558000047532201,ES2428316588156654268215
name,aliquip ex ea commodo,Anon5790
name,fugiat nulla,Anon4633
name,officia,Anon6844
name,mollit anim id est laborum,Anon1786
name,ES3102167803234838368305,Anon2218
name,95886041F consequuntur,Anon4409
name,Blanca,Anon2767
name,Escalona Ayllón,Anon4269
name,quasi magnam,Anon5557
name,adipisci eum accusamus quidem,Anon5571
name,quaerat,Anon2102
name,recusandae amet iste nam nesciunt officiis,Anon1393
name,perspiciatis rem,Anon1557
name,Iusto,Anon9876
name,Aspernatur,Anon7155
name,voluptate,Anon4887
name,fugiat,Anon6150
name,impedit obcaecati officiis quas,Anon6736
email,celso.montero32@outlook.com,rz3rqockjq3qz3h@srmdgod.com
email,flora.clemente21@gmail.com,53lsibqgam81vphm@rmpuo.com
name,aliquip ex ea commodo,Anon6840
name,fugiat nulla,Anon3276
name,officia,Anon1052
name,mollit anim id est laborum,Anon1092
name,cumque commodi,Anon9976
name,adipisci odit,Anon9663
name,magni nostrum cum asperiores,Anon9329
name,possimus qui veritatis,Anon7079
name,fugiat,Anon5611
name,provident,Anon1485
name,iusto,Anon7740
name,magni,Anon6084
name,Eaque laudantium,Anon5720
name,Flora Clemente Rosell,Anon8468
name,nesciunt aliquam,Anon9418
name,dolorem,Anon9290
dni_nie,"
26433132Z",***3313**
email,bonifacio.santamaria10@yahoo.com,gyanx3v6l5fdo11or0cwys@gnmnd.com
email,paola.hernando88@empresa.org,k8914g9wqct1mqoa@wlfzxjl.org
iban,ES1131872582122631424161,ES4448970478369916903449
iban,ES0231112761634527579115,ES2428300215508990640695
name,nostrud exercitation,Anon7935
name,aliquip ex ea commodo,Anon9702
name,fugiat nulla pariatur,Anon7514
name,"Bonifacio Santamaría
Vigil",Anon1835
name,mollit anim id est laborum,Anon8485
name,Maxime consequatur,Anon3944
name,nam adipisci aliquam,Anon2738
name,veritatis debitis,Anon9109
name,iusto,Anon5729
name,facilis esse,Anon5373
name,Eos,Anon5746
name,facilis,Anon6403
name,Paola Hernando Escrivá,Anon1914
name,voluptate illo,Anon5659
name,Reprehenderit,Anon4988
name,aspernatur optio,Anon3290
name,aspernatur adipisci odit,Anon7138
name,quae nihil assumenda,Anon6602
name,aliquam impedit,Anon5010
name,eveniet,Anon7153
name,quaerat magni,Anon8699
name,iusto placeat,Anon4931
name,quaerat inventore deleniti? paola.hernando88@empresa.org,Anon9638
name,ullam maxime,Anon6888
name,veniam,Anon7940
name,magnam veritatis voluptatibus,Anon9082
name,asperiores eveniet,Anon7280
name,Aliquam,Anon5789
name,molestiae voluptatem velit magnam sequi,Anon7656
iban,ES3331832649479069918496,ES0499983648357664861043
name,veniam,Anon6596
name,aliquip ex ea commodo consequat,Anon1630
name,fugiat nulla,Anon4155
name,officia,Anon6068
name,mollit anim id est laborum,Anon7439
name,exercitationem fugiat,Anon3296
name,nesciunt,Anon5776
name,totam,Anon1814
name,aspernatur,Anon7085
name,similique magni mollitia rerum,Anon4551
name,nam veritatis,Anon5271
name,dolorem quaerat,Anon6494
name,saepe exercitationem minima,Anon4679
name,voluptatem repellat tenetur,Anon5023
name,facilis,Anon2035
name,illum repudiandae,Anon3827
name,debitis libero repudiandae,Anon2100
name,quaerat,Anon7914
name,corrupti,Anon8262
name,facilis,Anon7636
name,nesciunt reiciendis,Anon5100
name,quaerat,Anon5938
name,Eos,Anon9417
name,sit aliquam,Anon3496
name,aliquid,Anon1495
name,Unde,Anon6825
name,voluptate dolores praesentium,Anon1870
name,debitis nulla eligendi optio,Anon4525
name,Quaerat,Anon2692
name,similique quos,Anon6929
name,eveniet nemo,Anon4024
name,adipisci cupiditate,Anon4444
name,nam amet officiis,Anon3092
dni_nie, 00126010Q,***2601**
dni_nie, 81180315K,***8031**
iban,ES7030856012581615817765,ES0223373970080851662153
iban,ES5630186382189930689863,ES0397828830030887756482
name,nostrud,Anon7892
name,exercitation ullamco,Anon6682
name,Teresita Molina Madrigal,Anon6650
name,aliquip,Anon8457
name,voluptate velit,Anon6552
name,fugiat nulla pariatur,Anon4536
name,officia,Anon7525
name,mollit anim id est laborum,Anon4659
name,"Jose Ignacio
Pizarro Company",Anon7067
name,adipisci quo nam,Anon6358
name,quaerat,Anon3937
name,magnam assumenda eveniet,Anon1902
name,Et fugiat,Anon5288
name,dolorem velit,Anon8981
name,blanditiis ea,Anon3652
name,quaerat est explicabo exercitationem,Anon3954
name,officia doloribus,Anon8406
name,quam nam veniam corrupti,Anon9136
name,totam itaque,Anon2321
name,veniam,Anon9169
name,ea eius,Anon8912
name,mollitia assumenda,Anon4505
name,similique distinctio,Anon5312
name,impedit iste,Anon3482
name,perspiciatis omnis provident,Anon5766
email,amada.cuenca10@yahoo.com,g3f6u1lu1p6rb5@ecgal.com
iban,ES5302167181643262340709,ES6994133836522017460954
name,nostrud exercitation,Anon5801
name,aliquip ex ea amada.cuenca10@yahoo.com,Anon2989
name,fugiat nulla pariatur,Anon4027
name,officia,Anon7049
name,mollit,Anon1767
name,numquam consequatur eligendi facilis nam,Anon2106
name,quaerat,Anon7538
name,velit,Anon5930
name,Ad quaerat quae,Anon3401
name,tenetur eius,Anon8010
name,magni,Anon5964
name,veniam mollitia,Anon4357
name,Illum,Anon1778
name,aliquam,Anon9359
name,saepe X8176647D totam esse atque,Anon9439
dni_nie,"
46095446L",***9544**
email,marcio.sainz13@outlook.com,q0nemu08pne2fj@kcielgf.com
email,hernando.saavedra3@empresa.org,3lngwn0k23bxq41h91@fqrnpkt.org
iban,ES5401319969419688138073,ES2231899489060542021501
name,veniam,Anon1866
name,aliquip marcio.sainz13@outlook.com,Anon9361
name,fugiat nulla pariatur,Anon3742
name,officia,Anon3690
name,mollit anim id est laborum,Anon4218
name,ullam,Anon7452
name,illo reiciendis quia,Anon9087
name,Marcio,Anon3206
name,Sainz Bayón,Anon7109
name,veniam laudantium,Anon4147
name,Cupiditate,Anon1641
name,tenetur,Anon6063
name,"vel quasi
saepe",Anon1722
name,aspernatur saepe,Anon6700
name,voluptate officiis,Anon9595
name,Aperiam,Anon4066
name,Miriam Iglesias Jimenez,Anon8210
name,et dolore blanditiis,Anon8629
name,Fugiat,Anon8399
name,facilis,Anon5411
name,"veniam eius
dolorem",Anon4049
name,explicabo veritatis officiis recusandae,Anon4457
name,eos commodi,Anon4561
name,quasi dolorum provident facilis,Anon7869
dni_nie, 78405607X,***0560**
dni_nie,"
94768861Y",***6886**
email,juanita.uribe59@gmail.com,1584nkttsg38trv@esdtz.com
iban,ES0920950873049462488366,ES0927354762541335054899
name,veniam,Anon9476
name,aliquip ex ea commodo consequat,Anon7331
name,fugiat nulla pariatur,Anon8125
name,officia,Anon2230
name,mollit anim id est laborum,Anon1450
name,fugiat veritatis repellendus,Anon4731
name,deleniti odit cupiditate,Anon9465
name,inventore cum sequi,Anon8834
name,consequuntur distinctio,Anon4754
name,aspernatur inventore,Anon2149
name,voluptates reiciendis,Anon1797
name,94768861Y officia,Anon7846
name,magni,Anon4507
name,saepe vel sit,Anon5780
name,velit,Anon8813
name,consequuntur,Anon7054
dni_nie,"
62842050R",***4205**
dni_nie, 77728031Z,***2803**
dni_nie, 37106825M,***0682**
email,humberto.calzada16@yahoo.com,7d5avn7o8aqgvkt39f@euhol.com
email,abigail.montoya96@yahoo.com,npuk89d37luxl9s4e@uptet.com
iban,ES0302358250556420909868,ES1826784702520765532836
iban,ES4200818977591704966238,ES9259659498272984213817
iban,ES9430234419384647569101,ES5083668879513259321106
name,aliquip ex ea commodo consequat,Anon7840
name,fugiat,Anon6524
name,officia,Anon7895
name,mollit anim id est laborum,Anon4159
name,ES4200818977591704966238 veniam distinctio,Anon3580
name,hic obcaecati corrupti,Anon9078
name,reprehenderit officiis,Anon9988
name,aliquam quod,Anon6476
name,libero blanditiis,Anon7503
name,veniam,Anon3383
name,magnam ipsa,Anon7717
name,aliquam neque placeat,Anon9182
name,magni reprehenderit sapiente optio,Anon7113
name,Antonia Jáuregui Amaya,Anon9643
name,ES9430234419384647569101,Anon9890
name,"assumenda
reiciendis",Anon9259
name,omnis,Anon2013
name,veniam,Anon9472
name,tenetur neque,Anon7162
name,delectus commodi eveniet dolor,Anon9697
name,voluptate animi,Anon9015
name,Humberto Calzada Álvaro,Anon6636
name,mollitia provident,Anon3561
name,exercitationem,Anon7497
name,officiis porro,Anon4135
name,veniam,Anon6075
name,aliquip ex ea commodo consequat,Anon1088
name,Noa Puerta Maestre,Anon8571
name,fugiat nulla pariatur,Anon2245
name,officia,Anon1772
name,mollit anim id est,Anon1556
name,architecto cumque,Anon8838
name,fugiat,Anon3538
name,magnam aperiam,Anon9648
name,officiis explicabo perferendis adipisci nulla,Anon6488
name,officia,Anon4490
name,Doloremque,Anon7777
name,fugiat quibusdam,Anon6733
name,officia,Anon4036
name,recusandae mollitia quaerat cumque,Anon5604
name,minus facere explicabo delectus,Anon4660
name,quaerat voluptate,Anon8570
name,eveniet,Anon3940
name,aliquam repellat,Anon2398
name,reiciendis fugiat sit obcaecati,Anon8555
name,velit,Anon1993
name,magnam voluptate minima,Anon2116
name,Assumenda,Anon1155
dni_nie, 07487763K,***8776**
email,edgar.cabrero55@empresa.org,mksvbahf6fwba2n@aytemxf.org
iban,ES0631107725312688135843,ES8246951346152545174458
name,veniam,Anon9523
name,aliquip ex ea commodo consequat,Anon4242
name,fugiat nulla,Anon2790
name,officia,Anon7290
name,mollit anim id est laborum,Anon8990
name,aspernatur necessitatibus placeat,Anon9275
name,aspernatur nobis nihil dolorem,Anon2334
name,quaerat laudantium,Anon4492
name,inventore cum,Anon6854
name,Laboriosam,Anon2296
name,Édgar Cabrero Reig,Anon7324
name,perspiciatis blanditiis sunt,Anon1127
name,repudiandae omnis velit officia,Anon2655
name,Celestina Noguera Cano,Anon9452
name,Odit,Anon6558
dni_nie, 45222633X,***2263**
email,andrea.maestre59@hotmail.es,5kptqf977oavbl1l@qjjmanu.es
email,rita.macias34@outlook.com,wr7uqor6c0aj4@zgqcgvv.com
iban,ES3021031216293505176966,ES3299617326333825601777
iban,ES0930955787863387023580,ES4711848355098906180787
name,nostrud exercitation ullamco,Anon7696
name,aliquip ex ea,Anon3121
name,velit,Anon4938
name,fugiat nulla pariatur,Anon5738
name,officia,Anon8284
name,mollit,Anon5310
name,veniam,Anon3077
name,similique consequuntur,Anon8563
name,Fugiat,Anon1193
name,tenetur,Anon9024
name,minus ab,Anon7351
name,veniam vero,Anon5503
name,voluptatem ab amet et,Anon7299
name,dolorem eum,Anon7593
name,unde impedit repellat saepe,Anon1080
name,similique quod,Anon8033
name,blanditiis commodi,Anon2011
name,veritatis pariatur commodi,Anon9835
name,mollitia id,Anon9158
name,recusandae facilis dolore,Anon4936
name,quae magni,Anon4443
name,repudiandae recusandae animi,Anon7350
name,exercitationem aspernatur porro,Anon1217
name,reprehenderit similique ab libero provident,Anon6321
name,fugiat,Anon8039
name,veniam,Anon6080
name,aliquip ex ea commodo consequat,Anon8956
name,fugiat nulla,Anon7349
name,officia,Anon1493
name,mollit anim id est laborum,Anon7563
name,recusandae,Anon9346
name,exercitationem cum obcaecati vero,Anon1930
name,iusto recusandae,Anon3770
name,iusto doloremque ipsa porro,Anon6120
name,fugiat,Anon6553
name,Placeat,Anon9910
name,velit voluptates,Anon4662
name,corrupti,Anon5466
name,accusamus nemo veritatis reprehenderit,Anon3669
name,aspernatur quod blanditiis impedit,Anon3762
name,possimus,Anon3604
name,inventore,Anon8734
name,eveniet numquam,Anon7450
name,Impedit consequuntur,Anon7050
name,ullam,Anon1047
dni_nie, 72632539B,***3253**
name,Galo Girona Pinto,Anon3880
name,aliquip ex ea commodo,Anon3277
name,fugiat nulla,Anon5500
name,officia,Anon2857
name,mollit anim id est laborum,Anon7228
name,dolorem dolorum,Anon1181
name,Adipisci,Anon4186
name,quasi ipsa perferendis,Anon6568
name,totam recusandae illum,Anon4258
name,numquam eveniet,Anon8821
name,aliquam maiores,Anon2817
name,voluptatem harum,Anon5300
name,fugiat,Anon1416
name,consequuntur exercitationem qui,Anon8295
name,iusto,Anon8617
name,accusantium quaerat,Anon1330
name,ducimus optio,Anon8793
name,distinctio,Anon2151
name,quaerat officia,Anon5993
name,perspiciatis distinctio rem voluptatum consequuntur,Anon4300
name,saepe at consequatur mollitia nemo,Anon9600
dni_nie, 52764085S,***6408**
email,zaira.mosquera23@yahoo.com,pzyz47xvrk6wqihf@ufjel.com
iban,ES7931230587433937982343,ES2821028046916833746413
name,veniam,Anon7571
name,aliquip,Anon9211
name,fugiat nulla pariatur,Anon2878
name,officia,Anon9930
name,mollit anim id est laborum,Anon7318
name,aliquam 52764085S,Anon8526
name,Zaira Mosquera,Anon6306
name,veniam nam est facilis error,Anon6905
name,ipsam,Anon5534
name,velit,Anon6329
name,doloribus at,Anon5517
name,magni,Anon1738
name,saepe quia aliquam,Anon3777
name,tenetur,Anon4102
name,adipisci repudiandae,Anon4366
name,magnam tenetur,Anon8441
name,quaerat eveniet veritatis reiciendis,Anon7177
name,architecto consequatur,Anon3786
name,cum suscipit,Anon7247
dni_nie,47422646G,***2264**
email,valeria.marti86@empresa.org,vwli96em1mvh6wl@tctoiot.org
iban,ES8631359259423397890459,ES3859146005064810686675
name,veniam,Anon5905
name,aliquip ex ea commodo consequat,Anon5083
name,Valeria Marti Franch Duis,Anon7709
name,fugiat,Anon5231
name,officia,Anon1102
name,mollit anim id est laborum,Anon2387
name,Illo,Anon5907
name,iusto eum voluptatem accusamus,Anon1391
name,Consectetur,Anon4192
name,aut reiciendis,Anon5424
name,ullam,Anon1806
name,adipisci,Anon2948
name,blanditiis quod,Anon9173
name,dolorem accusantium odit,Anon3962
name,nobis aliquid,Anon8057
name,assumenda reiciendis,Anon4559
name,eveniet laboriosam reiciendis,Anon9951
name,Iure,Anon1688
name,aliquam,Anon1886
name,quos velit,Anon2704
name,aspernatur mollitia commodi similique pariatur,Anon6155
name,nam accusantium doloremque commodi,Anon6395
name,sit repellat,Anon5861
dni_nie, 94768861Y,***6886**
email,marcial.ugarte35@gmail.com,a49fwimdxwz1j6xp@kkssg.com
iban,ES9631026867182941285788,ES4438761546183379196981
name,veniam,Anon1038
name,aliquip ex ea commodo consequat,Anon2677
name,fugiat nulla,Anon8552
name,officia,Anon1320
name,mollit anim id est laborum,Anon6432
name,quisquam dolore,Anon7139
name,aperiam nulla,Anon9903
name,magni corrupti,Anon1694
name,tenetur,Anon6435
name,autem eveniet distinctio,Anon2619
name,magnam,Anon1157
name,Quaerat,Anon5929
name,vel suscipit,Anon4610
name,quasi sed velit,Anon7668
name,facilis,Anon2830
name,voluptate,Anon5903
name,accusantium officia cumque,Anon1615
name,voluptatibus eveniet dolorum,Anon3472
name,temporibus,Anon6757
name,iste minus blanditiis eum itaque,Anon2309
name,Assumenda,Anon4728
name,officia nobis facilis,Anon7755
name,tenetur eaque,Anon3853
name,nulla debitis,Anon2389
name,ullam,Anon7729
name,officiis,Anon4639
name,deleniti quos consequuntur,Anon1110
email,jessica.fabregas54@yahoo.com,idixdxtzjd6exmmz3i@lurxq.com
iban,ES3030858638280936686424,ES7870569204827443499441
name,nostrud,Anon2414
name,aliquip ex,Anon6000
name,fugiat nulla pariatur,Anon9685
name,officia,Anon6795
name,mollit,Anon6679
name,dolorem,Anon4619
name,adipisci repellat,Anon8211
name,consequuntur,Anon9144
name,veniam saepe hic,Anon3980
name,inventore,Anon2406
name,magnam voluptate,Anon1819
name,cum facilis placeat nihil,Anon7950
name,neque mollitia,Anon9053
name,hic deleniti nostrum,Anon7078
name,veniam magnam,Anon7190
name,totam tenetur delectus,Anon6324
name,optio aliquam,Anon7838
name,explicabo ratione,Anon9791
name,voluptate,Anon8321
name,aspernatur eveniet,Anon1506
name,fugiat minus tempora,Anon6420
name,aspernatur consequuntur voluptate,Anon9672
name,"Jessica Fábregas
Martorell",Anon7973
name,quaerat ES3030858638280936686424,Anon3263
name,aliquam vero,Anon5980
email,evaristo.lucas19@empresa.org,p8zqczl0o36fs8q9@fkrtonb.org
email,maria.teresa.canete78@hotmail.es,b3od2qnbtrinbani0a5ai@gkjjqyv.es
iban,ES8602353620947424731294,ES5848190264161533885897
name,nostrud,Anon3006
name,exercitation ullamco,Anon8613
name,aliquip ex ea commodo consequat,Anon8487
name,velit,Anon3111
name,fugiat nulla pariatur,Anon2346
name,officia,Anon1032
name,mollit,Anon2266
name,"exercitationem est
reprehenderit accusamus dolorem itaque",Anon2971
name,Juana Coronado Costa,Anon5846
name,architecto magni,Anon6724
name,mollitia distinctio sit,Anon2946
name,minus maxime,Anon7890
name,veniam,Anon9278
name,voluptatem velit quasi quod tenetur,Anon7063
name,aliquam,Anon4686
name,corrupti,Anon1115
name,aliquid ullam officiis illo,Anon4672
name,adipisci ipsum non,Anon5625
name,commodi veniam,Anon3251
name,exercitationem laboriosam reiciendis,Anon3027
name,Adipisci quibusdam,Anon3606
email,joel.duran4@empresa.org,atkbygop0di@vxxcevp.org
email,edgar.cabrero55@empresa.org,h3dwg0a1q4ypcar@jjjpmma.org
iban,ES0631107725312688135843,ES7414291506512671807922
name,veniam,Anon6474
name,aliquip ex ea commodo consequat,Anon5673
name,fugiat nulla,Anon1000
name,Joel,Anon8293
name,officia,Anon6885
name,mollit anim id est laborum,Anon4990
name,Porro,Anon2343
name,minus joel.duran4@empresa.org in,Anon4898
name,iusto,Anon7385
name,aspernatur odit,Anon3646
name,Veniam,Anon9216
name,aliquam eos laudantium officiis,Anon1509
name,Édgar Cabrero Reig,Anon9841
name,Fugiat,Anon6251
name,adipisci nemo,Anon5808
name,veniam Y9482715J blanditiis facilis laboriosam,Anon1366
name,Aut cum animi,Anon3267
name,architecto accusantium,Anon4828
name,voluptatibus,Anon8435
name,totam blanditiis,Anon6310
name,recusandae eaque,Anon5542
name,sequi,Anon8009
name,officia commodi,Anon3797
name,ipsa dolorem,Anon7161
dni_nie, 38185873P,***8587**
dni_nie, 24781002C,***8100**
email,vinicio.ferrandez95@gmail.com,v6gn8hftml8dvaj41gf@zxcrv.com
email,faustino.anaya4@outlook.com,ddjuff38c15r8xl@sxqellr.com
iban,ES5831216374578138963793,ES8879452257714592901315
name,aliquip ex ea commodo,Anon3701
name,fugiat nulla,Anon6616
name,officia,Anon5464
name,mollit anim id faustino.anaya4@outlook.com,Anon7825
name,Autem,Anon4513
name,totam,Anon6426
name,inventore,Anon9857
name,aspernatur similique,Anon1958
name,blanditiis consequuntur obcaecati aliquam quia,Anon7876
name,Itaque quae,Anon6963
name,recusandae quaerat,Anon9445
name,asperiores reiciendis,Anon3249
name,Debitis,Anon5385
name,fugiat excepturi,Anon6987
name,provident distinctio,Anon5297
name,sequi officia,Anon1161
name,"cum
blanditiis cumque placeat",Anon4056
name,laboriosam voluptate,Anon1434
name,"Candela
",Anon8265
name,Doménech Sáenz,Anon5960
name,velit eius eaque,Anon5067
name,Sequi,Anon9354
name,tenetur,Anon5859
name,inventore magni sequi cupiditate,Anon1121
email,leoncio.tejedor42@gmail.com,iumdjm6h44z3dc4uz@tajml.com
email,jovita.comas30@outlook.com,nzczu1ljt07y7k@hywjtei.com
iban,ES1000613951334311177232,ES8564079921721109382377
name,veniam,Anon6595
name,aliquip ex ea commodo consequat,Anon7118
name,Duis Leoncio Tejedor Olmedo,Anon4249
name,fugiat nulla pariatur,Anon9582
name,officia,Anon4951
name,mollit anim id est,Anon5757
name,vero officia provident aliquam,Anon1310
name,porro reiciendis,Anon3791
name,facilis,Anon6065
name,pariatur voluptate distinctio assumenda,Anon4553
name,ducimus neque,Anon9381
name,aliquam repudiandae illum,Anon7061
name,quisquam iusto id,Anon5871
name,ullam pariatur dolor doloremque,Anon4980
name,omnis voluptate deleniti qui laudantium,Anon1368
name,magni,Anon1734
name,doloribus voluptatem,Anon5071
name,Placeat,Anon4631
name,veniam magnam reprehenderit fuga,Anon4395
name,ducimus distinctio quasi,Anon8189
name,et quisquam officia id reiciendis,Anon7712
name,voluptatibus placeat,Anon4730
dni_nie,"
74426406Q",***2640**
dni_nie,"
22216428S",***1642**
email,jesusa.morera38@empresa.org,prheb8fv7fopu8w@kkjeimg.org
email,gema.rosado27@hotmail.es,c6tufyc16bqss@exbizaw.es
iban,ES3531271057142573768037,ES1590155769209077020926
iban,ES9630813325818846500421,ES8259114673719365970648
name,Piñeiro,Anon7461
name,aliquip ex,Anon8890
name,fugiat 69946984 nulla pariatur,Anon3730
name,officia,Anon2351
name,mollit anim id est laborum,Anon8636
name,quibusdam debitis,Anon5232
name,distinctio reiciendis consequatur,Anon6904
name,Cupiditate,Anon9427
name,totam ipsum consequuntur,Anon7726
name,officia nesciunt,Anon8778
name,Quaerat,Anon2962
name,Ávila Gema Rosado Santamaría,Anon8989
name,inventore officia,Anon8167
name,veniam,Anon2432
dni_nie, 79731587V,***3158**
dni_nie, 44014776K,***1477**
name,veniam,Anon9317
name,aliquip ex ea commodo consequat,Anon6697
name,fugiat Cuenca,Anon4687
name,officia,Anon9691
name,mollit anim id est,Anon4808
name,minus veniam voluptatem atque,Anon7988
name,ullam,Anon7817
name,voluptatem,Anon8360
name,distinctio,Anon2243
name,aliquam,Anon2766
name,aspernatur laudantium,Anon2174
name,Nobis,Anon5304
name,velit,Anon4813
name,ducimus temporibus blanditiis adipisci,Anon8541
name,fugiat,Anon3225
name,Vanesa Bertrán Ropero,Anon8450
name,esse officiis ab,Anon9983
name,reprehenderit iste,Anon8562
name,fugiat eveniet,Anon8259
name,blanditiis sit magnam,Anon7902
name,commodi ex enim,Anon2505
name,inventore numquam obcaecati nemo,Anon1665
name,debitis,Anon1192
name,aliquam quia veniam,Anon2241
name,Josefa Maestre Calderon,Anon9518
name,fugiat magnam,Anon6580
dni_nie, 58053663F,***5366**
dni_nie, 76948445J,***4844**
email,emilio.cantero20@hotmail.es,41zgzei57yzr8i90@adfjnvh.es
email,rita.bosch39@hotmail.es,g5sdnilxi89j@egbswxp.es
email,jeremias.pelayo94@hotmail.es,xl23q8ik67jdq3iqp@xzrheyk.es
iban,ES2631831190138032762441,ES2371999256161513191688
iban,ES7001281077613475974285,ES2406624755942852995538
iban,ES3200491591027666252977,ES2366033918422140917201
name,aliquip ex ea commodo,Anon1890
name,fugiat nulla,Anon6192
name,officia,Anon1030
name,mollit anim id est laborum,Anon3438
name,Emilio Cantero Vallés,Anon2498
name,Rita Bosch Salazar,Anon9543
name,eveniet minus veniam temporibus,Anon1233
name,Odit,Anon1159
name,cum totam,Anon1069
name,Aspernatur,Anon2609
name,officia voluptatem,Anon7207
name,quaerat,Anon7996
name,deleniti sit facere,Anon5619
name,placeat vero quasi,Anon2853
name,magni commodi,Anon7075
name,obcaecati dolorem,Anon2165
name,ea aperiam,Anon2416
name,perspiciatis iste rita.bosch39@hotmail.es nobis reprehenderit,Anon8860
name,officia debitis sapiente veritatis 71743817,Anon3517
name,assumenda rerum suscipit,Anon6109
name,fugiat cumque,Anon8319
name,magnam,Anon3990
name,Et nam,Anon3760
dni_nie, 57170486F,***7048**
email,leire.goni89@yahoo.com,408lcisrcm8j@unvki.com
iban,ES2631211263083940477701,ES8181649543618696755956
name,veniam,Anon3998
name,aliquip ex ea commodo consequat,Anon6518
name,voluptate velit,Anon6200
name,fugiat,Anon9469
name,Leire Goñi Piña,Anon4995
name,officia,Anon3754
name,mollit anim id est laborum,Anon8766
name,exercitationem,Anon9059
name,velit ipsam suscipit,Anon5538
name,explicabo,Anon8566
name,magnam sequi magni,Anon7510
name,Adipisci,Anon6078
name,inventore,Anon6470
name,laboriosam deleniti officia,Anon8753
name,inventore numquam repudiandae fugiat amet,Anon2838
name,fugiat quas blanditiis,Anon8261
name,totam repudiandae quae eos libero,Anon6039
name,iste pariatur magnam,Anon1729
name,veniam quam,Anon9764
name,Ab,Anon7652
name,delectus fugiat inventore,Anon5802
name,adipisci 67755898 placeat,Anon7287
dni_nie, 48915355J,***1535**
email,paulina.castejon25@outlook.com,pm0midrbtztw4i83ia@gqltmst.com
email,alondra.jaen37@gmail.com,z0dfgwgecmoj8i@zgytt.com
email,natanael.zapata79@empresa.org,o21dlchnyet3htc6r@qvfukbp.org
iban,ES0731354644121415715410,ES6541114611176152092446
iban,ES7930892880219300704059,ES2802783802089008743967
name,veniam,Anon3211
name,ES0731354644121415715410,Anon6019
name,fugiat nulla pariatur,Anon4180
name,officia,Anon6082
name,mollit anim id est,Anon9965
name,Modi,Anon2352
name,inventore,Anon6579
name,ducimus eos distinctio,Anon7669
name,eveniet vel,Anon4478
name,ullam,Anon2295
name,exercitationem cum quia laudantium,Anon6551
name,officia,Anon1314
name,aspernatur cumque repudiandae,Anon8506
name,adipisci veniam,Anon3184
name,accusamus similique deleniti,Anon6331
name,Paulina,Anon3552
name,Castejón Lucas,Anon1409
name,Natanael Zapata Catalán,Anon5041
name,veniam,Anon5819
name,aliquip ex ea commodo consequat,Anon6466
name,fugiat nulla,Anon7843
name,officia,Anon8294
name,mollit anim id est laborum,Anon7884
name,Soluta,Anon4259
name,quasi Isaura,Anon7424
name,Sainz Garay,Anon9084
name,placeat,Anon8633
name,magnam repudiandae,Anon8524
name,deleniti perspiciatis neque numquam quo iste,Anon5436
name,officia,Anon7954
name,neque enim obcaecati pariatur eius debitis,Anon7783
name,nesciunt obcaecati eaque,Anon3615
name,magnam,Anon2448
name,animi consequatur,Anon2856
name,facilis,Anon6487
name,iusto adipisci suscipit?,Anon9050
name,Neque,Anon9337
name,obcaecati repellat,Anon9736
name,accusantium,Anon1899
name,temporibus cupiditate facilis,Anon2959
email,pancho.alberto86@empresa.org,e3so5qcpop3khep5@jzjbirl.org
email,coral.oliveras75@gmail.com,5p4y05affmyelu8g@zceab.com
iban,ES4921037517967946871926,ES4443134620935299099739
iban,ES3830082318536662028376,ES1837975262554776132543
name,veniam,Anon3280
name,aliquip ex ea 64950719 commodo,Anon4895
name,voluptate velit,Anon8123
name,fugiat,Anon8547
name,officia,Anon8958
name,mollit,Anon6224
name,Pancho Alberto Cánovas,Anon8464
name,et magnam,Anon3213
name,Coral Oliveras,Anon1283
name,Aguilar,Anon1496
name,quaerat non,Anon6692
name,illo officia perferendis,Anon3674
name,similique non,Anon1931
name,mollitia et magni,Anon6686
name,corrupti deleniti animi,Anon4868
name,aliquid sit dolore,Anon4040
name,Pariatur,Anon4404
name,placeat perspiciatis itaque,Anon7604
name,aspernatur recusandae cupiditate,Anon9682
name,assumenda,Anon6517
name,aliquam vero numquam voluptatem,Anon8437
name,explicabo pariatur,Anon6059
name,accusamus dolorem,Anon4823
name,quam consequuntur,Anon8252
name,ullam,Anon8651
name,Vel,Anon6248
email,leocadio.coloma2@empresa.org,cd3ekeet2tsovmmd@tzrslkf.org
iban,ES6702352728726533292994,ES1849012192778819824717
name,veniam,Anon3691
name,aliquip ex ea commodo consequat,Anon8823
name,fugiat nulla,Anon4928
name,officia,Anon2080
name,mollit anim id est laborum,Anon1406
name,Eum vero,Anon9962
name,adipisci placeat quam ES6702352728726533292994 numquam,Anon9836
name,voluptate,Anon9129
name,animi doloremque aut,Anon4991
name,totam in quos,Anon9092
name,explicabo assumenda,Anon9504
name,officiis,Anon1912
name,Reiciendis laboriosam,Anon9662
name,velit,Anon9019
name,quaerat officiis,Anon2900
name,Similique animi,Anon8879
name,iusto facere,Anon9377
name,perspiciatis voluptate quis,Anon8214
name,laboriosam nesciunt voluptatem facilis,Anon2670
name,recusandae accusamus provident architecto,Anon3269
name,Deleniti,Anon5050
name,reprehenderit repudiandae,Anon1365
email,emilio.casado1@outlook.com,9fywbgrsopfvvg@gmmoxgd.com
iban,ES9721005028613744168609,ES4873471154472967248494
name,veniam,Anon9893
name,aliquip ex ea commodo consequat,Anon4638
name,fugiat nulla,Anon5674
name,officia,Anon6978
name,mollit anim id est,Anon5063
name,iusto,Anon6564
name,eveniet maxime,Anon2308
name,repellat ullam,Anon2702
name,officia,Anon3656
name,magni consequuntur earum temporibus,Anon1740
name,minus voluptas repellendus rerum,Anon4151
name,totam numquam distinctio perferendis,Anon9784
name,totam,Anon5519
name,nam commodi,Anon7612
name,Dolore,Anon8827
name,perspiciatis,Anon4528
name,veritatis deleniti,Anon8267
name,aspernatur optio pariatur,Anon2731
name,veniam ullam quasi magni rem dolores,Anon5793
name,fugiat velit,Anon8203
name,debitis inventore excepturi,Anon1864
name,magni,Anon4889
name,perspiciatis officiis,Anon2075
email,main.dupont.tfg@gmail.com,wrctsl92qi9hu9d@ueklb.com
email,main.dupont.tfg@gmail.com,2xpqcp805vt65o4@cmffp.com
email,main.dupont.tfg@gmail.com,zvgehc3cuzxz47t@xngtt.com
name,someone else may be trying to access your Google,Anon1882
name,https://accounts.google.com/AccountChooser?Email=main.dupont.tfg@gmail.com&continue=https://myaccount.google.com/connections/overview/AYsDVzVVqjGoGrWoqMQGjRLwXVb30L2T1iI7LbHI8aJDJgdH4UFf6UCLnF-i2ff-PD4CwJDBFfVNF7mQjiydxA6SgiM?utm_source%3Dsec_alert%26utm_medium%3Demail_notification%26force_all%3Dtrue,Anon7244
name,Gordon House,Anon7166
email,main.dupont.tfg@gmail.com,x8p9skwovl4padj@xnnpd.com
email,main.dupont.tfg@gmail.com,k8w30t1oi3pzpvu@ivcad.com
email,main.dupont.tfg@gmail.com,nn47m0qtw80777j@isgwu.com
name,someone else may be trying to access your Google,Anon4126
name,Gordon House,Anon7040
name,"you  
",Anon1101
name,Cordially,Anon1090
email,support-eu@google.com,d9v8rdw533@ixxatu.com
email,support-eu@google.com,pg3qnd3gtw@ahdgnv.com
phone,800000296,642945487
phone,800000296,445502487
name,Hi Dupont,Anon7241
