dtype,adata
dni,***3561*
nie,Y6683544B
dni,***6453*
email,bt3frncfhgwwl6136@wxbos.com
email,6aw7bduvtkf95mtzbez@gpqcl.com
email,k74mi1y515gx3@ivqslbv.org
numero,421671476
numero,543634180
numero,04869031577967390951243
numero,020704379728524814988757
iban,ES7904974397814616165923
iban,ES9472391908508643937769
nombre,Anon8267 Doe9690 Dupont3313
nombre,Anon9848 Doe5425 Dupont7192
nombre,Anon3799 Doe4410 Dupont8293
dni,***8147*
email,nnqg8kig0bslwdef@uzgogxj.es
numero,4151143991
numero,50330462381085987066682
iban,ES5649956346402505019662
nie,Y2110895S
email,cgr3qoja6wm4j4f@yddmema.es
numero,434840804
numero,803194567615851690413808
iban,ES1902309086584409989149
nombre,Anon8302 Doe3656 Dupont6228
dni,***4375*
email,0bm78w7xfvsm18j@bqswpma.com
numero,781636983
numero,22324096220584315682480
numero,114585570
iban,ES8966159833993085274506
nombre,Anon5304 Doe7706 Dupont2844
dni,***2502*
nie,Y9217698W
email,4g1xh3gka0z3bzo8ofzmp49qu3@jarqfux.org
numero,730117345
nombre,Anon4360 Doe2890 Dupont2410
dni,***1556*
email,m8dd4uuonotp@dmidf.com
numero,098354721
nombre,Anon7007 Doe5560 Dupont2591
dni,***6886*
email,5ee445mowkihsfve@liibj.com
numero,37880145310284024152745
numero,635342094
iban,ES3962101098136137487022
nombre,Anon4531 Doe2512 Dupont3167
nombre,Anon5094 Doe8483 Dupont4675
numero,58276449103454357539270
iban,ES5534730091843810839620
dni,***6785*
email,oz5x4u06i8bfxc9w@lkibi.com
numero,291398277
numero,90051656857374722117343
iban,ES2787610154869487640631
nombre,Anon7267 Doe1867 Dupont6120
dni,***1988*
dni,***6402*
email,8txmla7b4rmyk2ckdq@uxlnl.com
email,gnazbcdaz37mt1zjvot@jvgjl.com
email,tr8m1tmmhqc05@xnzfhew.com
numero,880755602
numero,16643027786011937383195
numero,283656328
numero,462552821
numero,67907230041128830793153
iban,ES7221244294203429856725
iban,ES2013089029507933663133
nombre,Anon4131 Doe9919 Dupont3126
nombre,Anon5956 Doe4151 Dupont8751
nombre,Anon3602 Doe1556 Dupont5891
email,jqzeis65xh3od12s@gazwmuk.org
email,tzzy9zsnrur1ik4@lktzw.com
email,k78v7e713e5sj23g@rzsbiku.es
numero,71124868550324540445102
numero,9612026318
numero,543788499
iban,ES5941363241524077895119
nombre,Anon1489 Doe9391 Dupont9660
dni,***7845*
dni,***8933*
email,xg28f3wofd94all@uwcex.com
email,2denonz9t7tzd@mwgxzer.org
numero,559079949
numero,78665455689871821427116
numero,102582002063571309958636
numero,25831816358485806090833
iban,ES5127330470093926372311
iban,ES6649870941809202262384
iban,ES3656089663208338798058
nombre,Anon3665 Doe5244 Dupont4751
dni,***5173*
email,sb5m8zreqci8alk@jnqcj.com
numero,829690551
numero,242219968748410734053898
numero,8638238686
iban,ES7106312313866194830450
nombre,Anon1666 Doe2603 Dupont2708
numero,065531830
numero,815836057
numero,74940410248242976129311
iban,ES1662473997421276188389
nie,Y9711971M
numero,801521544
email,obo872hg3zt6s92rt@kufqaff.es
email,epv9oy7jtsjvr@bidrghl.com
numero,77317129014993035220364
numero,806849981
numero,09024058260312146269764
numero,5541435814
iban,ES4664321229674321504732
iban,ES4805857319001508532578
nombre,Anon1119 Doe7111 Dupont8943
nombre,Anon4433 Doe2764 Dupont4981
dni,***3964*
dni,***4922*
email,lhp8ritcj3l5mswq7w8k@dpynp.com
numero,129779945
numero,30988558175619835126846
numero,11803633956379551146016
iban,ES0031839850102400304631
iban,ES2653392083221174167269
nombre,Anon5399 Doe1087 Dupont8232
nombre,Anon6285 Doe4630 Dupont4225
dni,***2079*
nie,X2599865Z
email,dkrmstwt0o0wjw8n@ewvcwfm.org
email,fyfdjarm7dnwqp5aqenbap@rzcchxw.es
numero,482211782
numero,05866329354753502093281
numero,18676553897399622706983
numero,056096090
numero,08200330965136907119366
iban,ES0054527085829870107832
iban,ES2537598505060133991591
iban,ES0493207703696861742917
nombre,Anon6208 Doe7454 Dupont6112
nombre,Anon7094 Doe2876 Dupont8250
dni,***3699*
email,ew1aqo20thbiqmh3aw@gxkrrgt.com
numero,91127680695395847917491
numero,054115856
numero,15012216056615487407646
iban,ES0398477867787188401586
iban,ES7677556104813627330495
nombre,Anon7679 Doe3570 Dupont5672
nombre,Anon6348 Doe6874 Dupont6309
dni,***6520*
email,amtnqi9vtt6wuoez@wlifo.com
email,fzr8qda035k42f@zgvwsvn.es
numero,022841216
numero,025118553
numero,82250256239944102767626
numero,47471782346727743290553
numero,963523812
numero,24623869797591364306705
iban,ES6164868879313041066916
iban,ES1296482283326350899104
iban,ES7133601745081902536985
nombre,Anon5840 Doe6373 Dupont8638
nombre,Anon4060 Doe6890 Dupont7554
email,cxh2ovqzf698nga@yujcb.com
email,5giktvkcospik4v@qdhuz.com
email,s2pywqhybejmtfc@qrnww.com
numero,3755638394040
numero,4531145836904690865
nombre,Anon7474 Doe2042 Dupont7587
dni,***9155*
dni,***3313*
dni,***8729*
email,1fdhkqjfw8l08v8@zlutw.com
email,msrmf78d5p52z0uus3wyjh@nokot.com
numero,383022964
numero,491687036
numero,96879519705109171667439
iban,ES9061639687393964157187
nombre,Anon5644 Doe4852 Dupont8616
nombre,Anon9555 Doe4062 Dupont6335
dni,***2436*
email,ydrjyc09x3wxfxhk8twmy9@fouyd.com
email,57wr65knv384s55ty@xfhvziy.com
numero,62086332719766812192521
numero,27928241005900678297500
numero,671872913
numero,6576491169
iban,ES1840552872012882058812
iban,ES7852972024943069999364
nombre,Anon7466 Doe7979 Dupont3576
nombre,Anon7048 Doe4637 Dupont3718
nombre,Anon2043 Doe4443 Dupont5242
dni,***7714*
dni,***4303*
email,7q2iucbh31rb8zgvxg@qgoupdu.com
email,65pq645c3a4nwo@oxslkud.es
numero,561221308
numero,93425264132791245837616
iban,ES5936265244028994468850
nombre,Anon1310 Doe4490 Dupont9437
nombre,Anon4210 Doe7256 Dupont9679
dni,***6576*
email,ywz3xng0mobh4hx@czzztmf.com
numero,294834332
nombre,Anon1735 Doe4110 Dupont2508
numero,391661349
nombre,Anon4906 Doe1660 Dupont5150
dni,***6320*
numero,871447162
nombre,Anon7269 Doe9352 Dupont7218
numero,302423911
numero,27346027216945167460909
iban,ES3165621055331664208132
nombre,Anon9657 Doe8207 Dupont4755
dni,***9663*
email,lghw9812rn22isgelrys@lhhdwfy.org
numero,877826579
numero,25594673980923588801725
iban,ES2185373839465226824939
email,z935sfe3ks68rwwzy@beaagzi.org
numero,02231188428755203084824
iban,ES9491411471183601456828
dni,***1918*
email,2l8di86ewnp3@nmjckxp.org
nombre,Anon6654 Doe3728 Dupont3302
email,l8vl9wcm12c0yvktlo@qozlyrh.com
nie,X0870861N
email,wajshtpkva5yk49lu@gjvfwfr.org
email,owl3ib1ymrl3eb3wa4x@pqpdest.com
numero,16942068942477265514075
iban,ES6298531601943413999910
nombre,Anon6141 Doe2834 Dupont6230
dni,***1083*
dni,***5362*
email,7m7zy35fr23986jo@jshgyzp.com
numero,840594596
numero,70844655486954009350926
numero,67491172792062607461173
iban,ES2723118417841006828985
iban,ES4788452910176866574523
nombre,Anon8256 Doe4953 Dupont2663
email,u13ucc5brpjacl1sy@pvlco.com
numero,296915437
nombre,Anon2120 Doe9199 Dupont5661
numero,35598556426902695233448
numero,110897753
iban,ES6786055348602169992105
nombre,Anon5508 Doe5549 Dupont8190
dni,***7173*
dni,***3093*
dni,***4180*
email,7qn43uvsjt9jb9v@grlpc.com
email,tam2b4oqjxkl07l03y@dvckpim.com
numero,38957892220527471480196
numero,923387979
numero,96109107623913085109047
iban,ES4252220534809645456576
iban,ES3602927144165167092537
nombre,Anon4436 Doe9556 Dupont2603
nombre,Anon5650 Doe7705 Dupont1737
dni,***8135*
dni,***3137*
email,6hhriw6bjai@rldqocz.es
email,ik4miizcbks0d16xa5l@spxlmut.com
numero,286970943
numero,76855291545525088464549
numero,993323292
iban,ES4835911065500481705233
nombre,Anon8318 Doe4690 Dupont1992
nombre,Anon4703 Doe7710 Dupont6041
dni,***8345*
email,1lvdwwqlwcig7tpq@ojgip.com
email,wvyrlvw0h4n83@ngicaui.org
numero,824039196
numero,74166299012073175505288
numero,701412569
numero,158640215962945535871966
iban,ES5851208914596309050044
iban,ES6623420212004999568941
nombre,Anon8456 Doe4188 Dupont2232
nombre,Anon3928 Doe8800 Dupont8928
nombre,Anon7969 Doe4957 Dupont2086
dni,***0094*
dni,***5362*
dni,***0127*
email,y76slozk0x16wjho@gtzkmps.com
email,c5x5j2fksvkm8ywq43rm@bfiaecj.org
numero,79298739878194696444401
numero,15236499425357670266943
numero,364958944
iban,ES5963794659469175461067
iban,ES5344672970413451874728
nombre,Anon2066 Doe3919 Dupont6350
numero,218306757
nombre,Anon1343 Doe1601 Dupont7166
nombre,Anon4562 Doe2028 Dupont9818
email,4tsus7hyd12kq@quetd.com
numero,533446432859849417061915
numero,601269209
iban,ES4446939062901599690229
nombre,Anon3441 Doe8680 Dupont3956
dni,***2172*
email,ul7wudso2nkxot@kdmmo.com
numero,164515479045200147292243
numero,480042194
numero,04611872828125527087445
iban,ES9603568351366230916995
iban,ES2786301204729957037739
nombre,Anon9885 Doe9645 Dupont6536
dni,***5964*
email,0jozt32f1rkejutg9v@elcymbd.com
numero,517189307
numero,37625774239092242637912
iban,ES5713407312231086965070
nombre,Anon3235 Doe4132 Dupont4154
dni,***7845*
dni,***6821*
email,njsl67g8olt3tnbds@bqpbp.com
numero,738278696
numero,70760651860327760799494
numero,11001377602186139779062
numero,332913992
iban,ES6618353211912975880882
iban,ES4258645926958890323770
nombre,Anon1378 Doe7152 Dupont7502
dni,***6858*
email,fm0ox4bdc3nhlamla@kinrj.com
email,xpnx522qpozrizh5wq@pbxio.com
numero,64337283305905694580529
numero,453493818
numero,189685195
numero,29185045895922491535320
iban,ES7291870841424667626079
iban,ES1244551171017770295681
nombre,Anon7470 Doe1448 Dupont1714
nombre,Anon1205 Doe2484 Dupont8365
dni,***5084*
numero,12984345492013116765025
iban,ES7390694506625718728677
nombre,Anon5657 Doe9060 Dupont8256
nombre,Anon3637 Doe3116 Dupont4800
dni,***2903*
email,uj0i51215sa6@frnrikd.com
numero,7348372244
numero,09338602596481626084897
iban,ES3868226513948133981025
nombre,Anon2127 Doe6070 Dupont1304
dni,***0113*
dni,***0395*
email,2z8kc4b5iotgms4@taagnsw.es
numero,785787069
numero,72487785136013156757381
numero,96891516587619582202321325303616
numero,500611310
iban,ES5777646231157324587428
iban,ES3342895536447624735365
nombre,Anon9493 Doe1089 Dupont3880
dni,***3905*
dni,***1107*
dni,***9733*
email,9f5h9tauyqxxu8@pfkel.com
numero,835007709
numero,556084963
numero,5252168447
numero,97064046892292138802822
numero,44124840829329712686426
iban,ES6608505634170468663329
iban,ES0793630479208668274851
nombre,Anon4861 Doe4611 Dupont3560
nombre,Anon3138 Doe4630 Dupont7401
nie,X5009638P
email,tdvhap6uvfc@xemzlbt.org
numero,81527685207963239942942
numero,988708167
iban,ES8234646090486464549747
numero,67909050504276358798836
iban,ES2397317004701576365291
nombre,Anon3927 Doe7283 Dupont5508
nombre,Anon8772 Doe1149 Dupont9937
nie,Y0033219K
email,bhxzn1iq9iqb4wzz@ankhnnr.es
numero,29458756674023278940601
numero,475169005
iban,ES5690512842499537285459
nombre,Anon3144 Doe1151 Dupont1664
email,gvypyrl2inphvrdguvv@qpqaedg.com
numero,303493079
numero,35804325370613957663900
iban,ES9675406677104693253103
nombre,Anon6052 Doe6948 Dupont1729
nombre,Anon9585 Doe5913 Dupont9970
nie,Z9274490K
numero,76263984347803182403227
numero,476289385
iban,ES4742677249017960244900
nombre,Anon1054 Doe7415 Dupont2197
dni,***4191*
email,6talpxmyexj0c@sqpaqte.org
numero,72653008565937740503197
iban,ES4009056182593745793143
nombre,Anon4525 Doe3670 Dupont4153
dni,***8663*
email,giy4o34ewi5ln9j@uuddyad.org
dni,***2470*
dni,***8135*
email,q27jsqipqthtv8ywyh7@haxkpvy.com
email,kg3qjhsr8uhsg4lnt@vckrldw.com
numero,599797258
numero,24845416832162901620354
numero,88278381002247205397653
iban,ES2720699321476357249107
iban,ES0212095592091993186006
nombre,Anon2287 Doe9824 Dupont3847
nombre,Anon3612 Doe9854 Dupont2052
nombre,Anon9561 Doe5515 Dupont9295
dni,***6134*
email,zmqs4cjb9s0bxn27esij@cquxznt.org
numero,4905863994
nombre,Anon5797 Doe9735 Dupont7668
nie,X4194213W
email,vgkfefuamxm14@zrtzjjz.org
email,7ivth34q56wqx1uqo@oypraiy.org
numero,689741304
numero,596616953
numero,58292088968999654517966
iban,ES2536798949277383671112
nombre,Anon1794 Doe6671 Dupont6018
nombre,Anon7346 Doe9216 Dupont1998
email,59wvoal81tziqxa@kvnpq.com
email,7g4spyoj6eoj4m16l@zhfxoqt.com
email,ta2o28xp5aa7yld@djojkwu.org
numero,585300815
numero,912585554
numero,234156674
numero,07565563346853266482586
iban,ES2491458120271150742911
nombre,Anon2285 Doe7159 Dupont8333
nombre,Anon1485 Doe8366 Dupont2978
dni,***6671*
dni,***9970*
dni,***1552*
email,ueau1838zmm3lxs9@nbkvszl.com
numero,19466415350482340008602
numero,35816638955472612176854
iban,ES4442218525224837457731
iban,ES0516906330795654889292
nombre,Anon4114 Doe8315 Dupont8974
nombre,Anon7047 Doe4641 Dupont6539
dni,***8828*
nie,Z1560282J
dni,***1952*
email,g0dv6htr0k3u8@fajojnu.com
email,cvf7d8xgr7kjs@ygjnz.com
email,nungzeuhkyvw2py@dykcr.com
numero,667983211
numero,79022414976115285466951
numero,060809351
numero,8093778112
numero,28574932068530166579537
iban,ES9679938128768385226788
iban,ES1005642787216493916330
nombre,Anon5106 Doe4817 Dupont2529
nombre,Anon4699 Doe7145 Dupont2294
email,a3cw4tdg9fgg@tacoawv.org
email,lkohybl71x7cggwvoef@rnjyf.com
numero,363995288
numero,155819090
nombre,Anon5297 Doe8662 Dupont9467
nombre,Anon5022 Doe2874 Dupont6049
dni,***8178*
dni,***9650*
email,jv0btwlyq0xfqmlozvv@zbthb.com
email,jnp9mefb7g8ng@rdfni.com
email,53s6dzt4x4l655j1@nusnz.com
numero,622400378319434447417931
numero,568290539445683628
numero,44857817057527405851247
numero,312469074
iban,ES9863195434655996540199
iban,ES9478004375830575893222
nombre,Anon5158 Doe2137 Dupont4187
nombre,Anon2933 Doe9803 Dupont3752
dni,***0105*
email,7ucn1bawz9fvk@jksfeok.org
numero,21124927785832504865523
numero,323564216
numero,408908967
numero,13706451448582784042304
iban,ES3918523495243797034593
iban,ES5312133779942032616763
nombre,Anon6564 Doe7019 Dupont1822
nombre,Anon7867 Doe6570 Dupont3014
dni,***8955*
email,ju8a7bjjmnyjxcz3@pvutntp.es
numero,42545682362286454244073
numero,421547625
iban,ES1713597962259013257445
dni,***5760*
email,jdk68k77r9bj@ypkerwb.es
numero,12298629273740909836188
numero,99091042261239446118515
numero,066361106
numero,267755926
iban,ES1617224592580090750056
iban,ES5061483140090685032246
nombre,Anon8895 Doe5750 Dupont9717
dni,***7422*
email,rj66e18tm8qzxiy@ffwoq.com
numero,90229361261811147623606
numero,610387161
numero,592769350
iban,ES0145009998753634346607
nombre,Anon7495 Doe5272 Dupont9618
dni,***4585*
email,yiotwqg46o99hppaxlx7@ukkcj.com
email,gjny0ycjkz3a9bz7hxc6@rfncnyq.com
numero,554773265
numero,59558302711097520593559
numero,563980384258314159840785
numero,8600832490
iban,ES1726193883264463843810
iban,ES6837421120554290936280
nombre,Anon7618 Doe6321 Dupont1266
dni,***6751*
email,q6t0i4usin1vs6rv9fp@quikqut.com
email,nlb4nncr8u9r4@ihifezl.es
numero,765369291
numero,48608215408656993541965
iban,ES5072570757728714234671
nombre,Anon1498 Doe7625 Dupont8518
nombre,Anon4529 Doe5146 Dupont2408
nombre,Anon8455 Doe6024 Dupont7795
nie,Y7918473R
dni,***1818*
email,d7yx3pdqr7uy@dtcsmmc.org
email,i4jgzsdhgcw5tn0s@blmybxu.es
numero,178143984
numero,15512848902431143127514
numero,419836258
iban,ES3912798454716618213098
nombre,Anon3639 Doe7413 Dupont6746
nombre,Anon2105 Doe6851 Dupont1059
numero,752905415470996879312077
iban,ES4252986295516358095181
dni,***7742*
email,xdldayrbtbvogy0@zzidj.com
numero,31441533022624898422037
numero,878661774
iban,ES1146360880230758718560
nombre,Anon5536 Doe7864 Dupont9826
dni,***5576*
email,iihmy47my78rfms0i2m@uddopat.es
email,5uc0elx7fo28ka81@rzlba.com
numero,66371242231800253143570
numero,015139771
numero,37594601554172260623064
numero,81390304701745445847202
iban,ES0838773499649912905828
iban,ES3869966696263466348921
iban,ES6265809830614883844079
nombre,Anon8089 Doe6302 Dupont7188
nombre,Anon2324 Doe6520 Dupont4530
dni,***4727*
dni,***8923*
email,dkmlx9yv5cwye34h1eka@zodhebz.com
email,ofmbte658yr7x9px@qjnzgwi.es
numero,25390374995457310271545
numero,274116035
numero,32341165773309265874685
numero,528650338
iban,ES0387566978170991534656
iban,ES6540322125577692052231
nombre,Anon5399 Doe6486 Dupont7022
nombre,Anon5257 Doe9691 Dupont2735
dni,***6214*
email,yityjz8pokclrvx@ghpvk.com
numero,72633584678422804923338
numero,080295316
iban,ES7986678019934173386734
nombre,Anon2623 Doe6566 Dupont6778
nie,Y2441956Z
email,kwb7u9yu8j5eyjlu@tbhdc.com
numero,6592086759
numero,25741998622334572929156
iban,ES6678748865483722566600
nombre,Anon3845 Doe3049 Dupont3197
dni,***2925*
dni,***3865*
email,lwcemeqz7lzpy5m@rsslj.com
email,52vckey3a3ckkx2fxtlm5@dhedrkl.org
numero,17547542198523441085894
numero,82697472548819462422209
numero,011102944
numero,801031568
iban,ES8354024239623274245943
iban,ES2223309251459816192937
nombre,Anon1217 Doe5244 Dupont5271
nombre,Anon7330 Doe5399 Dupont1186
dni,***6068*
dni,***9978*
email,kjm3k4n0z6xfyrx5@hhqmf.com
numero,937509286
numero,15576215903898775170731
numero,733124231186237205946479
numero,469572977
iban,ES9185397351621786864585
iban,ES4536282648594861002066
nombre,Anon6452 Doe8872 Dupont6201
nombre,Anon4357 Doe8610 Dupont7762
dni,***3146*
numero,054470039607010859800804
numero,936744605
iban,ES3237221036232125713667
nombre,Anon7645 Doe5444 Dupont5595
numero,505360118670258423283981
iban,ES8308216970640561412723
nombre,Anon8410 Doe6187 Dupont2340
dni,***6337*
email,kuhl1lsktgogqhj8t@tdfityj.com
email,stidpesmi1e9@rxeikri.com
nombre,Anon8456 Doe5262 Dupont4550
nombre,Anon6762 Doe3980 Dupont2129
email,ezwipdlkk4ec9i5ws@whihv.com
dni,***7877*
dni,***1415*
email,lguejrkrtck2rlt@bdrjgus.com
numero,05386031484059670740020
numero,063814152
numero,79782335297408717684884
iban,ES5389208063447215199341
iban,ES3437549734707119140645
dni,***6275*
email,ddyq16rgs6m2@cesyg.com
numero,10889192319209786738617
numero,671516129
iban,ES1520990991267481337832
nombre,Anon9111 Doe2439 Dupont8130
dni,***5966*
dni,***8345*
email,axpydknm1b83n37i3wqi2@rlxze.com
dni,***4596*
numero,56617411978873481086631
iban,ES3847567062791296683741
dni,***4483*
email,cor2sudcbjj@hwppddr.com
numero,427999838178048932184189395206193
numero,839511140
iban,ES9634946819399248398963
dni,***3133*
dni,***8178*
email,oe4aj74dxvpy6@yarxt.com
email,ro3tcvfwj1tm8@ozfry.com
numero,840763125
numero,493243155
numero,91494590416789999173490
numero,88085881705850240218602
iban,ES3862528501182286677985
iban,ES0837175863509324247525
nombre,Anon3505 Doe4531 Dupont2073
nombre,Anon8123 Doe1618 Dupont5234
dni,***9237*
email,qo04dhvty7rjyi7nhhjw@lsieytz.es
numero,919771430
nie,Z9594485V
email,ybhf1f00nhwej0mi7ih@fddex.com
email,tt8dsif6n2emlviiq7z@sicad.com
numero,978118358
nombre,Anon5743 Doe1407 Dupont1973
dni,***0331*
dni,***5636*
email,k1ipx5tc9y29rpj@vxjyx.com
email,5fy3m1s3ubupdu@rsrtbid.es
email,i6wgd521cdzhiphdi0elss@afshhmh.es
numero,679068561
numero,441699626
numero,27932012103167772014206
numero,27947798590632831989762
iban,ES0563006854094335083839
iban,ES4362320799601078120792
nombre,Anon6120 Doe8689 Dupont6008
dni,***9133*
email,f4imqqipz7vumb3u0w@thukw.com
numero,058340303
dni,***8893*
dni,***9382*
email,j1env7l2ufp99a1fsrk@ychjfdh.es
email,ym34bd53vge1qqfqy@jffskab.com
numero,684838007
numero,63439622023666025626545
numero,86456595445482689764991
numero,366354558
iban,ES7013282087919496684276
iban,ES4846859693000096836483
nombre,Anon5573 Doe7709 Dupont9175
nombre,Anon7231 Doe2739 Dupont4043
dni,***6347*
numero,207562281588905832376980
numero,345215418
iban,ES8027810982925273743264
dni,***2827*
email,o9lzfmbcq6x5255uopv5k@zuwps.com
email,dwrdafy8jzfgpr@rlbelhl.com
numero,44100620866880598918580
numero,55788313140150180269717
numero,954580384
iban,ES5729077894018984934112
iban,ES0192564997993201830522
dni,***7629*
email,4uezxwmivhagwvrd@pedhq.com
numero,305212880
numero,267287978
numero,44327442004934820309564
iban,ES5657267522470646667327
nombre,Anon3458 Doe3768 Dupont1722
dni,***0972*
nie,Z6245221J
email,1qwajaozl674mff3w@ufutrxn.org
email,slgl1vz8yf0c68ifu8zw@ixkjqzx.org
numero,42419753051944040295175
numero,6684116799
numero,92580861623414190809477
iban,ES1533521632028842191677
iban,ES7532368859212617719370
nombre,Anon9667 Doe3140 Dupont4184
nombre,Anon7888 Doe9868 Dupont5393
nombre,Anon9834 Doe9425 Dupont2563
dni,***6504*
dni,***1341*
email,kne80yiatja7fz3@rbguh.com
email,f3buuvbhziczai@ebybdmp.com
numero,38225064292688296236567
numero,680569531
numero,07715389553857647316154
numero,384251528
iban,ES7328326775105258130815
iban,ES2386772896043057935028
nombre,Anon5502 Doe3877 Dupont9994
nombre,Anon5859 Doe9629 Dupont8376
nie,Y2993883X
numero,591350574
numero,08452661056529609614250
numero,59741271434236137303801
iban,ES2029340428648307054476
iban,ES4487815505133677753825
nombre,Anon8516 Doe8722 Dupont4654
dni,***2142*
dni,***3221*
email,0e34nke53dbpr3fo2@arsky.com
email,29mu9ntncvzh0c5@rebij.com
numero,32351965804506023468691
numero,797549933
iban,ES7839795199581101554058
nombre,Anon2882 Doe7975 Dupont8802
nombre,Anon1795 Doe8376 Dupont2344
dni,***7766*
dni,***4391*
numero,84992520551114797220047
numero,756828864
iban,ES6377722054011697889413
email,scb0mlf6rgr85jivvoa@gyakvof.org
nombre,Anon9531 Doe9880 Dupont7669
dni,***7656*
dni,***4805*
email,7i35ww0hzd0nwdilb@uylhqlr.es
nombre,Anon6787 Doe8061 Dupont1010
nombre,Anon1677 Doe1207 Dupont6560
dni,***7785*
email,i9qxiazd7dxu2p2py@wgzpxfp.es
numero,28957615605707205482271
iban,ES8425866467636177942946
email,xwaoaxkog661k65mnlx6@olahrmz.org
numero,837504443
numero,92755606460246387765926
iban,ES2126767024459708633505
nombre,Anon9549 Doe7753 Dupont2344
nombre,Anon4395 Doe7950 Dupont3003
dni,***5743*
dni,***6123*
dni,***5566*
email,dfh19vw3tfmkofetis4@zyosf.com
email,l82a5s37w0bbo4c@mptyhjn.com
email,8yn7d0tpl4v3cu40xatlpz@waslq.com
numero,875965988553635390055778
numero,140158261
numero,2381433472
iban,ES0419359879355033830365
dni,***2356*
email,5ul5k8y0cae1em6bf@sfjbltw.es
numero,078824592
numero,590112102
nombre,Anon5055 Doe7744 Dupont4718
nombre,Anon2261 Doe6501 Dupont6800
nie,Z9594485V
dni,***5465*
numero,142893696
nombre,Anon6866 Doe1178 Dupont9226
nombre,Anon7040 Doe1483 Dupont7443
dni,***1610*
dni,***6393*
email,8ymloajvhvuso6to@lhrot.com
numero,901731226
numero,17875800150362771192703
iban,ES2200333624660227833990
nombre,Anon5970 Doe2192 Dupont8313
nombre,Anon4194 Doe8374 Dupont9947
dni,***0682*
dni,***2320*
email,qoz76zo6kt31mmv82f@nrutlxd.org
email,nsft9qvxb0a0wwcr@pxqvlyy.es
numero,00578139672411688010061
numero,21234164636326187123618
iban,ES0429538051141542087896
iban,ES7102934450503384263408
nombre,Anon2324 Doe8286 Dupont4634
nombre,Anon5318 Doe6326 Dupont1556
numero,475225761
numero,04031078441675056137593
iban,ES7043859456110466436922
dni,***4829*
email,k0t9ekmop82rmx0w4ei@nqbylyr.com
numero,40885779220766750346829
numero,591611152
numero,336112912
numero,49621483525547469296001
iban,ES5025446310849305487089
iban,ES9586263921363333304154
nombre,Anon1549 Doe7482 Dupont5543
nombre,Anon8729 Doe7856 Dupont9221
numero,327983887
numero,252564927
numero,08245720053136605398708
numero,96850951814844970757935
iban,ES8860756924089379797826
iban,ES3674471969772621732495
nombre,Anon2569 Doe2912 Dupont9685
email,qdly9s2ffew8vsie@bumxbbp.org
numero,038719000
numero,42622271688126206100103
numero,971223330
iban,ES5593265908957783365652
dni,***3030*
nie,Z6125402R
email,wbn9bna8yo1tmqir@capooro.es
numero,082512918
numero,80085618198097527482409
iban,ES7167610890614071968453
nombre,Anon7340 Doe4240 Dupont7993
nombre,Anon4269 Doe6649 Dupont5627
dni,***2601*
nombre,Anon4657 Doe9449 Dupont8231
dni,***0979*
dni,***3792*
email,pnvphnsfar01unukme@vladyud.com
numero,808879893
numero,12297094143555741932256
numero,76653371302586066976472
iban,ES1551906855950815948918
iban,ES6273331168095286705332
nombre,Anon7557 Doe3215 Dupont8861
email,clklr2x9nmcxjf7@ozyqc.com
nombre,Anon9760 Doe3795 Dupont3044
dni,***0673*
email,r46pzlzwzllin2pnd1yp@qpxmawq.com
email,7qrb7xldh1wcd@rhrwgbx.org
email,17wwgkkp3vf4n69g@ebecokw.com
numero,208211187
numero,811988807139133293652407
numero,453105428
iban,ES2750786887705763349267
nombre,Anon3329 Doe9671 Dupont3391
dni,***2645*
email,7rk73081v0de@vcmrm.com
dni,***3493*
nie,Z3681904T
email,y127e3av5wfore25@xjjfi.com
email,28u3zq8oop4e3ni0jekeq@fhnmfzr.es
numero,44669686411807579292278
numero,462960804
iban,ES2063776755780997803646
nombre,Anon7999 Doe6513 Dupont9361
dni,***4358*
email,02s88vdrta1x@piktdnp.org
numero,66601705577519138782399
numero,116571914
iban,ES9908882035404299248416
nombre,Anon5271 Doe2961 Dupont4177
dni,***0141*
nie,Y4460601H
email,4e1rxez28lkui5h@uokoava.es
numero,72922816358452275321894
numero,115176066
numero,707787388
iban,ES8254934659276417886407
nombre,Anon9753 Doe7753 Dupont4822
nie,Y6658877T
dni,***0475*
email,b41y7vioijf64b2d@rsnwe.com
numero,00917974576580489737609
numero,760191807
numero,73406141615185183473967
iban,ES3444254447242524288527
iban,ES0045020189311328979276
nombre,Anon7740 Doe9915 Dupont7219
dni,***8332*
dni,***7866*
dni,***3313*
email,kjj7olwlqxyxqfg@iotofok.com
email,oc9jwbm1oqmne@ggmmkne.com
email,ol46mm6hz8me1opu0krxph@cpbqm.com
numero,62995846136515656200857
numero,417627706
numero,60010962691128079
numero,97269835594601405057371
iban,ES9626033055905037274285
iban,ES2267557178475139404504
nombre,Anon3561 Doe6122 Dupont5183
nombre,Anon2530 Doe6134 Dupont8068
nombre,Anon7563 Doe1572 Dupont2066
dni,***8768*
dni,***2645*
dni,***5787*
email,dpohubjbym91r@suksq.com
email,115ulbl4jis8@getgx.com
numero,71093795641619668995272
numero,193043452521299553608386
numero,592255181
iban,ES2387331213562699501842
iban,ES3764932950143798988128
nombre,Anon2493 Doe9236 Dupont6091
dni,***5136*
email,f2f5snef1qjm7z9cooyf5bom@uroavlg.org
numero,237753243
numero,45785673249060670829748
iban,ES2607233047957390674934
nombre,Anon3498 Doe4808 Dupont1257
numero,136981608
dni,***1266*
email,mu7ub0rrb3px84vfe0@grtvwnt.es
numero,364187338
numero,52951878570783150189432
iban,ES1864824138504643751746
nombre,Anon9000 Doe8163 Dupont5892
dni,***1071*
email,uhkvh9aslnlbn@kuzpp.com
email,midt0xeas1bmwn02y@ohzje.com
numero,179669314
numero,065066025
nombre,Anon1714 Doe8358 Dupont3946
dni,***0931*
dni,***3686*
email,fpdn6l5c3tm0b4xo@hhigg.com
email,fnenb3k56l357pst68l@ofwxwyo.es
numero,17078220809286764227195
numero,612583712
numero,79039554547942391106901
numero,657848040
iban,ES5406521506332430275266
iban,ES6924503132666736002728
nombre,Anon4164 Doe7515 Dupont5827
nombre,Anon6679 Doe6675 Dupont3112
nombre,Anon9232 Doe5367 Dupont1749
dni,***8663*
email,8akhpowyfmcisji@jgtdbeo.org
numero,98850161007681605900017
iban,ES5574521033236689158214
nombre,Anon5527 Doe4804 Dupont5121
dni,***4132*
email,8nnairw2ysnu2@coleqox.com
numero,53458459992869730378505
numero,1282458397
iban,ES4071050267598479344703
nombre,Anon2403 Doe5670 Dupont9487
dni,***9821*
email,a4ghn061yld8m@pexzwbm.com
email,mlb3q3rewg0ywdl3lmj@ahxgw.com
numero,15300343022352160029340
numero,013843323
numero,17801911526848657563790
iban,ES5075443911567850871606
iban,ES7003032040854850453491
nombre,Anon9583 Doe1471 Dupont9201
dni,***5720*
dni,***4865*
email,0p7hf5mekkmsgdjkz@nfpjnlf.org
email,8vcfxap0sllom@eaabggz.org
numero,84913134496828792946374
numero,5945294521
numero,630468448
iban,ES0029722359333744062814
nombre,Anon1253 Doe4364 Dupont3385
nombre,Anon6123 Doe2164 Dupont9908
dni,***1709*
email,rhoy2vvbymxcckd72@wzzfxeh.com
numero,541054021
numero,75900026376586719205684
iban,ES6428955335862082282693
nombre,Anon9737 Doe8012 Dupont8607
dni,***4871*
numero,079324509
email,fqsfbdx65di1sikgx@jtvgr.com
numero,417734242
numero,82935387781560855850304
numero,73449784874002363332828
iban,ES3601726539189888983069
iban,ES1418676835208881140263
nombre,Anon5918 Doe6519 Dupont2962
dni,***5067*
numero,74225484825873305780327
numero,71057013968987601510265
numero,920820202
numero,118817713
iban,ES2300115848452588958627
iban,ES9706046240450372529533
nombre,Anon4310 Doe4286 Dupont1138
dni,***1106*
numero,283734746
numero,20553770874305062804471
iban,ES1646616287741918043501
nie,Z5837048K
email,myxvwtrl0mspev5t@nwqhgoe.org
numero,728964110
numero,460054849605351873977747
iban,ES3802457233086532213349
nombre,Anon1425 Doe3336 Dupont3385
dni,***9977*
nombre,Anon3580 Doe5904 Dupont4927
dni,***5117*
numero,37624954695646862015847
iban,ES2167384192230659938905
nombre,Anon4972 Doe6363 Dupont6782
nie,Y0509836D
email,6kt36agv0cvmx3jk@pbwecmh.org
numero,73330525503931510975886
numero,967256283
numero,477083233
iban,ES1187169679396063105580
nombre,Anon8537 Doe5611 Dupont2321
email,5m9xhq7q1k0tw6fep@tqmswsn.es
numero,790246870
nombre,Anon3256 Doe6367 Dupont5765
dni,***8587*
dni,***5008*
dni,***8317*
email,2076t4s9sb8mpu1@swebppg.org
email,dcyylwo49d0e9w7@idbllon.com
numero,59055723350601301111826
numero,264893469
iban,ES1424801662057166761672
nombre,Anon3529 Doe5710 Dupont3404
nombre,Anon9227 Doe6639 Dupont5148
dni,***1918*
email,9dt4i4pwf9ec@lpjhdca.org
numero,87111232486116732164680
numero,561466311
iban,ES7842066744251906055093
nombre,Anon5981 Doe9641 Dupont5922
nombre,Anon3899 Doe2109 Dupont2536
numero,74360620939055720789883
numero,018326098
iban,ES0982108210523281748706
nombre,Anon2330 Doe2492 Dupont4037
numero,306736683
nombre,Anon8813 Doe1213 Dupont9363
dni,***8604*
dni,***3715*
dni,***3221*
email,vspfjhgbkqqrpyn3i@ooeuiha.es
email,6phozijag6ut43zkxa6s@uffmbom.org
numero,929499256
numero,01432182395558839336196
numero,69454581319983808762828
numero,55590465692083346960244
numero,258565015
iban,ES3700012163169349288740
iban,ES0530108888224083195966
iban,ES0092972881175796391259
nombre,Anon7698 Doe3041 Dupont9158
nombre,Anon7322 Doe6724 Dupont5727
dni,***5465*
dni,***3400*
email,uzh06xj1fnoom89d5s@dvwldrs.org
email,6v72txymx7j52bq@bjmimzt.org
numero,413654051
numero,651773722206893484150374
numero,313167727471148018924741
numero,570761681
iban,ES1551708799391355450129
iban,ES6605283997202593648440
nombre,Anon1188 Doe9665 Dupont1836
nombre,Anon7099 Doe6333 Dupont5344
dni,***4929*
numero,202079407
numero,48966765762476677651933
iban,ES6043129489414450750383
nie,Z6908825K
email,309z8wf3c55nw4y@cpfxkop.com
numero,83500554037783219181709
numero,618032041
iban,ES4080165497687859902996
nombre,Anon9489 Doe1474 Dupont6617
dni,***0844*
email,njd8a4w4ly5fbeac@yqbpi.com
numero,02491049798152918566855
iban,ES9220542910766839654269
nie,Y0033219K
dni,***4908*
email,usfd1vy5vrvyg3jy@ggpbspb.es
email,n8uygjkwp4sj6d@ehwfr.com
email,n5exnbiu2x3@mplonom.com
numero,482024116
numero,21367381782020372124690
numero,0205408508
numero,17647869862753332115260
iban,ES6237317685076563694372
iban,ES9024225358274792744586
nombre,Anon7432 Doe5063 Dupont6032
nombre,Anon9357 Doe7515 Dupont5474
nie,Z3681904T
dni,***9893*
email,nyubq0ox69gzazsnxmd@ojbuaxc.es
email,71il5zqnuxcxa6dobo@oclzkct.com
numero,86189134308636476479157
numero,683124283
numero,35138383390169872803894
numero,244167446
iban,ES7185675774744309047896
iban,ES5375406574911530512974
nombre,Anon9219 Doe5397 Dupont3091
nie,Y0412492R
email,6jesz1iv202tuyqpnq@rfuyscr.es
numero,661621186
numero,300448905
numero,364297528707544922781821
iban,ES5351210775197456909102
nombre,Anon5153 Doe5749 Dupont3048
dni,***5536*
dni,***7632*
email,7cnm3j2zxdkqzyg15b@ipbeakm.org
email,34gu0ov8dwxolkhpd45w@naipafv.es
email,rssezrdpitac1qqs@nisstdj.org
numero,91906810184382338714623
numero,045537792
numero,04242781585452286900163
iban,ES8461147046005685714994
iban,ES6153470949680477522501
nombre,Anon9898 Doe3703 Dupont2238
dni,***1713*
email,8635nfex66jzf9zw800o9@xkwroed.com
numero,668041514
numero,825718904312999723741509
iban,ES9196879532287804605186
nombre,Anon7713 Doe4281 Dupont3713
dni,***2028*
dni,***4615*
numero,618211396
numero,03305271223409353944357
numero,36583784106335643022792
numero,389187230
numero,348845068
iban,ES3011977169612654476821
iban,ES9867407212303424432079
nombre,Anon9254 Doe8501 Dupont7860
nombre,Anon3327 Doe7473 Dupont2093
dni,***3093*
email,88tvv8dnr44yz2j@arntyde.com
numero,70284602591769168852342
numero,120587588
iban,ES2882727964976583556061
nombre,Anon9836 Doe9552 Dupont4206
dni,***9084*
dni,***5854*
email,yobunjn8kyb1gq2o@xigzv.com
nombre,Anon9467 Doe7727 Dupont7681
nombre,Anon5291 Doe6761 Dupont8492
dni,***0918*
dni,***6274*
email,ouvu5frnj69icob2ni@crlzomb.org
numero,03721869101388151583903
numero,6325981929
numero,54826922304833264040297
iban,ES3941029910890447927777
iban,ES7213022202389147821323
nombre,Anon9584 Doe9169 Dupont9804
dni,***8317*
email,uix1e7ca0wlxohr97r8@pzcgllw.org
numero,471615056
numero,11211758446845329551234
iban,ES4309828520340882154776
nombre,Anon2354 Doe5721 Dupont1838
dni,***1560*
numero,196397779
numero,94782147527244311682360
iban,ES3613289707041150842351
nombre,Anon4953 Doe1709 Dupont8769
dni,***0982*
dni,***2131*
email,7bv7olhc5vcv9zo@nbtzaba.com
numero,05466717131090731081322
numero,915095285
numero,732558261
numero,961854289663062134079049
iban,ES1228971020910580579877
iban,ES5559067009453299163162
dni,***3917*
email,cokfofovi72ihpr1@intwbfv.es
numero,2317910937
nombre,Anon9997 Doe1879 Dupont2205
dni,***8147*
email,fccrr72ar5vfo30j@rdnkzug.es
numero,182672394993559547778131
numero,719917744
iban,ES9012141979750432514050
nie,Z0972276W
email,hhjvrb9631smegj53@hlbibsc.org
numero,97035837737488830611286
numero,9980855658
iban,ES5660038010157727231593
dni,***0963*
nie,Y7918473R
dni,***6741*
email,e08m785r1r71rf@humwl.com
email,qwih56gm5sd88m8ivzy@ixubzqa.es
email,ewvs3prlo1yapnqkax@debkcst.org
numero,90161039325065262126295
numero,09788915864633007626814
numero,548784706
numero,70943372343540742993925
iban,ES0845480562704667736447
iban,ES0284532509982420031797
iban,ES2973651333802609329496
nie,Z1560282J
dni,***8411*
email,menwkx5xtwk1ccnfw@ebfvmjd.es
email,u7hwb8iocl1h000@ytoge.com
numero,26616688812177267732792
numero,223983555
numero,58733544951703364639625
numero,257708704
iban,ES3412219061702367931710
iban,ES8796323550837415350884
nombre,Anon5929 Doe7146 Dupont9726
nombre,Anon6779 Doe6514 Dupont1183
nombre,Anon9051 Doe4902 Dupont8611
dni,***4475*
email,k1o3u38pyu97531xmy@xggkm.com
numero,74184052220247285728512
numero,436205828
iban,ES7337011449924287649838
nombre,Anon4904 Doe4427 Dupont1535
email,jodfdwnuq6m7g62z@wkhmc.com
numero,93343070532917346625384
numero,8087630502
numero,39802151003566731315873
numero,639467491
iban,ES3511646249764492810170
iban,ES1816400230137326650171
nie,X3545807N
dni,***3257*
email,knacdbsfg65ywn3b@vghlk.com
email,6vekf1qik60jcsy3o@zqevdyr.es
numero,051843360
numero,156272624
numero,90730900959829408358676
numero,753027932
iban,ES9526841593021647590796
nie,X5744928B
dni,***3461*
dni,***2416*
email,4u0en73ygnuzo8rjv@uditxdz.com
email,5oihq1yxyo190p@kdtqjgl.es
numero,158571226038701336032873
numero,31931065143038755281724
numero,801106448
numero,539973767
numero,637257402
numero,36080374968984375194229
iban,ES1389863636907885416666
iban,ES4480202779384547218529
iban,ES9241136075921174027481
nombre,Anon1511 Doe7539 Dupont3477
nombre,Anon2066 Doe7045 Dupont2497
nombre,Anon9969 Doe2839 Dupont9783
dni,***1098*
email,ruej6u3qhxq2bo62nn973if@jujig.com
numero,5819921745
numero,99643197464827200998669
iban,ES0064515437147413074296
numero,592990558164581088652166
iban,ES8086315306523264115527
nombre,Anon2623 Doe3044 Dupont5085
dni,***9126*
dni,***0982*
email,fufjn0nodtecfv@xckpvba.org
email,hxhodbkrm96sfyx@wyvcpqb.com
numero,00174439252622296515347
numero,233241015924438535237734
numero,466729187
iban,ES6426258696613442660564
iban,ES8085638902345499448335
nombre,Anon8536 Doe3555 Dupont6208
nombre,Anon8272 Doe9642 Dupont4500
email,808mix5qm0j69c8c@ctfbbis.org
numero,55414417313145374784206
iban,ES3443625660872292793442
nombre,Anon1021 Doe3354 Dupont1042
dni,***7656*
dni,***9378*
email,glhg5fq23eqp1nce@fpyquuy.es
email,qf3jfcth7pn0a0j@owueb.com
email,k1ym6oz3k0rdwatmhuyz@xuidkbz.org
numero,613785425
numero,311778737
numero,79181912451497088968107
numero,95957655571532333958962
iban,ES5976142242382010596644
iban,ES0689750603991494199595
nombre,Anon7471 Doe7616 Dupont2664
nombre,Anon4973 Doe8324 Dupont1359
dni,***1760*
email,b8544vpxhss1em38hnj9k@gjxjfcl.es
numero,382810055291375740279859
numero,129469011
iban,ES7361924424235672955327
nombre,Anon4619 Doe1259 Dupont1962
nombre,Anon2593 Doe6430 Dupont1008
dni,***1503*
dni,***3846*
email,elslmbijqghh9@noqtewi.org
numero,64916579443817941981788
numero,161344145111126718504951
iban,ES1269359587069136527995
iban,ES0203166488650225932030
nombre,Anon3036 Doe1104 Dupont6488
email,5qm51wkz9fyeon2@bozafjz.es
numero,93155524836366780467308
iban,ES6777193365473896869673
nie,Z3635909M
dni,***8305*
dni,***4805*
email,iaq9wrdzv9rj9tt@eufcy.com
email,2ytdf7lbna63h9v@gtwhh.com
numero,442247051883593144585657
numero,97879845381766215075245
numero,821553209
numero,104816806
iban,ES9731022761074955524044
iban,ES2620992165087320649016
nombre,Anon8371 Doe7246 Dupont9258
nombre,Anon3437 Doe6642 Dupont7062
nie,Z1576917L
dni,***1336*
email,gtxiqpgtd2aysbja@mglurqi.org
numero,23459234625423506787270
numero,18842744551269193217691
numero,895833630
iban,ES9696747894549155942825
iban,ES7596322763985043335317
nombre,Anon9556 Doe9661 Dupont2557
dni,***3905*
email,16svd9oommztr@djvxs.com
numero,30508811733037034455069
numero,248641941
iban,ES1959011027612057621917
nombre,Anon2263 Doe4701 Dupont8740
nie,Z2004016P
dni,***9039*
email,4xvzmci0wa8ih6@jwrpgda.es
numero,527920554
numero,821731263
numero,74759502754134871623614
numero,43780733227387262272803
iban,ES6391972492025138855996
iban,ES2955804373514276105014
nombre,Anon6255 Doe6442 Dupont8228
nombre,Anon6722 Doe4233 Dupont6259
dni,***6537*
email,y5v7a3wulomyjb8870@cukze.com
email,j8jmu8hwoypp2b38o@ogmxi.com
email,by6wn0a0drqxoj@pszqnjp.com
numero,34988271021399080436291
numero,040211976
numero,65209487371262951529360
iban,ES0771823540369861910562
iban,ES7226338347961946744752
nombre,Anon1358 Doe9209 Dupont5153
dni,***9045*
numero,52823241349974292043628
numero,929881689
numero,290752054
numero,91534250690131055189143
iban,ES8554887676955445120490
iban,ES1493714415583212887874
nombre,Anon8682 Doe3669 Dupont7363
dni,***0738*
email,npzvlj2r6deoa4yz@fgffu.com
numero,24583470564232974698940
numero,638518768
numero,508282051
numero,82758618189398249710333
iban,ES7120223751865198479142
iban,ES6871849198383436710735
nombre,Anon6683 Doe2211 Dupont7118
nombre,Anon6696 Doe4787 Dupont3071
dni,***6189*
email,z23ft79rcj3k342yk@cvoqcyh.es
numero,23825611955285323825877
numero,7240356032
numero,84788452664924742434890
iban,ES3343301655975928877388
iban,ES6537548265712953410943
nombre,Anon9426 Doe6460 Dupont9809
nombre,Anon8728 Doe4750 Dupont7397
dni,***9115*
email,mx299xya6q0l5n@tlmlz.com
email,dw095dmwrh0xxl@nnuwo.com
email,d5w7bv1ulbtq3sc@odazlwp.com
numero,23536575853824845026053
iban,ES3043244755973634552584
nombre,Anon3583 Doe8100 Dupont1206
dni,***9325*
dni,***2320*
email,1vs55d5vthhag37m@gpdxvrq.es
email,j41q3q3sigau8f@frfsjpo.es
numero,08212951947206305759495
numero,519057907
numero,288896978
iban,ES9502782124062412014552
nombre,Anon8739 Doe8034 Dupont8060
dni,***9687*
email,0r6v80afplfr6807@tdmfumb.es
numero,422247204
dni,***6101*
dni,***0454*
numero,0022475273
numero,87354069127992528223655
numero,631934450
iban,ES9348419556292878379583
nombre,Anon5126 Doe5134 Dupont6053
dni,***3137*
email,say4guhm0rv@hbuyhds.es
numero,23263246329276262995349
numero,91339681535596793660941
iban,ES4759710189802809538114
iban,ES5027338542816976496081
nombre,Anon7055 Doe6576 Dupont4881
dni,***1366*
nie,Z3654103Y
email,gj73olkna2597ld30@aaccnsd.es
numero,279228391358797792697211
numero,59889122518764374360034
numero,039485806
numero,48103165906728218657509
iban,ES0858225043678366575139
iban,ES8120208652146853160498
iban,ES9796571268893998867175
nombre,Anon4238 Doe2954 Dupont7555
nombre,Anon7434 Doe3279 Dupont1308
dni,***1405*
dni,***4844*
email,lr23y851kcw5@lxbjwed.es
numero,79863184937894995244690
numero,320744265
numero,54458281972123948845675
numero,055622810
iban,ES3815360577467301009545
iban,ES1605693319037035445837
nombre,Anon2251 Doe4939 Dupont2027
dni,***3068*
nie,X8448115P
email,ti4ah4mszj0fl8hmg@bwfje.com
email,2usy2ukm937747@gdsdd.com
email,akvoddc5jty7ta1@jjulacy.es
numero,66153292734122998617951
numero,663535687647569370907664
numero,885356240
numero,108487740
iban,ES3255081308477885164331
iban,ES5400014442495585318862
nombre,Anon1431 Doe3999 Dupont5962
nombre,Anon8637 Doe1308 Dupont3359
dni,***4929*
numero,708455039
dni,***3534*
email,24tomzgdv59z@mzsdjlu.es
numero,61091685593446956
numero,4880109556
numero,53829768401703745317731
iban,ES2623862217240564223744
nombre,Anon7330 Doe9504 Dupont1425
nombre,Anon7520 Doe1568 Dupont7699
numero,180847836
numero,70736816014791662295631
iban,ES1204704090627316487155
dni,***1608*
dni,***4329*
numero,91955960919129292430133
iban,ES2720971605658566572668
nombre,Anon2011 Doe8862 Dupont8808
dni,***4881*
email,y06dqhch7yr6eij@yjrjr.com
numero,521203355
numero,33074818718507870583654
iban,ES6322737331421878455354
nombre,Anon2905 Doe6634 Dupont4939
dni,***1153*
email,1mit03j1yis0bjl@brccicn.es
numero,979515667
numero,345461961
numero,77196448315580433058714
numero,65798585321441225005619
iban,ES3946308162908675692348
iban,ES2175001346358850919502
nombre,Anon8435 Doe8636 Dupont1704
dni,***8850*
email,y96ajv88bse8ptcd4d3@ujygy.com
email,dtbdauh520cak7rk@klfovke.es
numero,669594162
numero,888483577
numero,345485831738711909128055
iban,ES7561192714227336951175
nombre,Anon9177 Doe4282 Dupont8241
nombre,Anon6373 Doe2865 Dupont4805
dni,***1795*
email,qaa0lh9f7rchqbupol@ouslkzf.es
numero,746004061
numero,67202364021486995497122
iban,ES9514157899475283467457
nombre,Anon1820 Doe2698 Dupont1560
nombre,Anon4096 Doe4326 Dupont9702
email,myd9xtmlc5k7xfnxne@fjlcz.com
dni,***8147*
email,h1dpfw3uthdy5cio@orvsjnu.es
numero,3953074761
nombre,Anon9146 Doe8953 Dupont1235
nie,Z1560282J
email,whykdl1ummhd27e02@xhahrbn.org
email,hay719nttebj75e@ebvru.com
numero,68488426627586010091035
numero,903792588
numero,80443442702502417484081
iban,ES4885335487278645069974
iban,ES5845230553238344840490
nombre,Anon4872 Doe4530 Dupont5633
dni,***4457*
email,heob31opulz6l@ghgpwxd.com
email,hjjt6kjbnyn9fqfi@cpyumey.com
numero,974683139
numero,11261303770407657161390
numero,69838953959349151415997
iban,ES4380452913673369430934
iban,ES0425527749196834470843
dni,***4901*
dni,***6122*
nie,Y4732666Q
email,2pyb83qjkbqmle7hy1m@ynhwqio.org
numero,223783264
numero,90621181173945279447320
iban,ES8189317216153957891911
nombre,Anon5213 Doe7510 Dupont3151
dni,***4923*
nie,X2327018Q
dni,***5106*
email,k4061fish8w10iq6@bchpe.com
email,76vk8epox3gjtbo@wzxvvhr.es
numero,13259644961836889665614
numero,362341824
numero,8132447823
numero,61422812407723414805391
numero,93829590791227136915121
iban,ES4239630598807532409476
iban,ES1778121547667079899692
iban,ES2700074671162901718948
nombre,Anon2581 Doe6579 Dupont7116
nombre,Anon3399 Doe5136 Dupont1102
nombre,Anon6265 Doe3915 Dupont7539
dni,***5538*
email,jurov5v73rq2okewr@cfjmv.com
email,ai1hzb3a5ci3aem@hkvmkaw.org
numero,63330815444881811505065
numero,2338163385
numero,80594500924017168418456
iban,ES0969243222247571022323
iban,ES4117854680069242326564
nombre,Anon7544 Doe8887 Dupont9268
dni,***6403*
dni,***9237*
email,en645e9titcqt8sa3@znfyv.com
email,chy82vn1j77xrr6vrt4u@qhznhhu.es
numero,177147520
numero,81080434396933648055624
iban,ES3685436485205234633924
nombre,Anon7001 Doe3306 Dupont3866
nombre,Anon9960 Doe5985 Dupont1680
dni,***3068*
email,jmaejho9gr03nl8zq@dzsqz.com
numero,45041940758457547495018
iban,ES5905416420941782133279
nombre,Anon6595 Doe2096 Dupont6156
dni,***0087*
email,mmxr1wvhq5158l1ukn@juonrta.org
numero,36491384526984797215363
numero,520913733
numero,024147994
numero,417611115
iban,ES7780261006928963540621
nombre,Anon4990 Doe8340 Dupont7302
nombre,Anon7878 Doe4073 Dupont4649
numero,302736369
numero,75881854390391945873930
iban,ES9102740264562363304483
email,8dla93c63p1gh@gebyrbq.es
dni,***7150*
email,h2l9nl8uhdyrtz2da@eqsscka.com
email,rgkzvx112la8npd4@vrvdlqa.org
numero,28873942518549689203127
iban,ES7582385798596192496665
dni,***7400*
email,cq5a2k0qx23vr886n@rkszy.com
email,e7ecqix8tk0l@jqkvqld.com
numero,87206030560606194476312
iban,ES2999505758324834152399
nombre,Anon1419 Doe5486 Dupont6992
nombre,Anon6847 Doe3613 Dupont4891
email,zdpbfmqs8fk89z@ooeklkf.org
numero,575368232
numero,81468075950292117379899
iban,ES6847139928852289629264
dni,***6460*
email,89sjxcxe2c13y73w@gdoahoa.es
numero,230824132
numero,26809631659044588392655
iban,ES4178162207872246645900
nombre,Anon3589 Doe7571 Dupont3895
dni,***6559*
email,2btleeij7do5o2yyw@lwyowpi.com
numero,653404519
nombre,Anon2190 Doe1447 Dupont8675
nombre,Anon5634 Doe5199 Dupont8344
email,ytkbicmyfab8d9v@xlesfwz.com
numero,24357590970479734574872
numero,661314995
iban,ES1396321279117077080494
email,05d0cy75mjyfhx50@oysdm.com
numero,804317880
dni,***4262*
nie,Z0255270K
email,r3tsznnrmf6ap7p4z@lbjtw.com
email,aqjmgnw6t6f7a@qzgbcfh.com
numero,60601135611467068055705
iban,ES1793730859736109866140
nombre,Anon6312 Doe9033 Dupont1401
dni,***2372*
email,jqjbrkz7n9oswoh@izzuf.com
numero,51910128823979909131826
numero,232864610
iban,ES0507470774421145759803
nombre,Anon1789 Doe6206 Dupont8600
dni,***3359*
email,asqfqpdtfzhfwho55n8@hdant.com
numero,3004530403
numero,35812663349533113607959
iban,ES3344909438809907559304
numero,909533997
nombre,Anon1990 Doe5214 Dupont8543
dni,***1794*
email,6cu0dtox8m6y20@nxcenby.org
numero,538816188
numero,70448107140203502016779
iban,ES6566524061304565686121
nombre,Anon8165 Doe4047 Dupont7677
email,lj0z1frc3ecmtgjh@qvniubb.es
dni,***5006*
email,l7yoz02fgs0f2t3@vdqhm.com
numero,659350776
numero,48449298583109351577100
iban,ES4168748414125854125490
nombre,Anon9223 Doe3182 Dupont2509
dni,***7289*
nie,X8870883J
email,h0z4ybnigbfhdby@glghp.com
email,kdfs9v3mud47qnv@nmzknjb.org
numero,354570234
numero,23490660525012738017256
numero,918244552
numero,46525147727135886904072
iban,ES3822960522080772505760
iban,ES2603652169455266397147
nombre,Anon5247 Doe2880 Dupont4746
nombre,Anon2717 Doe7820 Dupont1536
nombre,Anon5552 Doe2222 Dupont6316
numero,30950335572811485089955
iban,ES8074403003983496779662
email,kldsxyruba2boob@qulkv.com
email,hf99fo1hyhz6siv@qloir.com
email,p8s36ehgadnfl00@irqzv.com
numero,3649159391275162678
nombre,Anon2850 Doe9289 Dupont3024
nombre,Anon1627 Doe5314 Dupont1874
email,gomf0fsv5gohg7h@guhka.com
email,xknk9znr24zg2ms@yrfdn.com
numero,7569381620832
numero,9246101111730246345
nombre,Anon9545 Doe9980 Dupont4829
email,yhx47rx4eu7rki4@hnrun.com
email,ztj3xc3cqo96xu5@eqgzu.com
numero,7922498820670
numero,3383745030970763057
nombre,Anon6058 Doe2576 Dupont8390
email,tw3fldv2uwm29i5@dkava.com
email,vxctvx03rmtule4@ydihg.com
email,y88870rh9cspouk@uorjm.com
numero,3068187941836
numero,475713265703843142
nombre,Anon3080 Doe1158 Dupont5459
email,4cae26xnle2pcjj@nhjhn.com
email,g2tgcilayulxqad@bkvof.com
numero,8762173202196
numero,3954330792576688315
nombre,Anon4431 Doe6056 Dupont3748
email,mihk2dkjzcgxzfc@sagvw.com
nombre,Anon1763 Doe4930 Dupont7152
email,8hd2sgbl11panw24o@bteyf.com
nombre,Anon1134 Doe9459 Dupont5653
dni,***4403*
dni,***7785*
email,8e3b2viaaimx7b@oytlfuz.es
email,2puo9vn8sbfcg@xddfknx.es
numero,65278483635097652
numero,279122433
numero,094128546
numero,19044547976952148979455
numero,89184008656037205087523
numero,609036212764634284351620
iban,ES6003707082072350758545
iban,ES6667322868504209104945
iban,ES2564105308869405308404
nombre,Anon7107 Doe7891 Dupont6681
nombre,Anon2180 Doe6765 Dupont3972
nombre,Anon1137 Doe6663 Dupont9336
dni,***7845*
email,4cuqjccuwgbv9@kmlsydg.org
numero,04128882417756408754343
iban,ES6253739909031887980595
nombre,Anon6002 Doe4163 Dupont5709
dni,***8253*
dni,***5159*
email,v9q9movm6euxzz0ks8@qchra.com
email,l1ewfs7tvo7iv2q2@lxzfzwy.es
numero,862637797
numero,026860992
numero,123320759019382083909349
iban,ES5200493400209989745919
nombre,Anon6301 Doe6271 Dupont2560
dni,***5930*
nie,Y9711971M
email,4rl0fdzgirlji7pt@dxlhuua.org
email,e6nzelzf5ef0kgxc@nyxqgsc.es
numero,89123836351321979482902
numero,139005993
numero,35971589958486415446885
numero,5758247988
iban,ES5335948700709400930749
iban,ES2928524797144298886711
nombre,Anon6548 Doe2798 Dupont6831
dni,***7321*
email,263nox3ubr3x4bu@sghwhva.es
numero,23692832955478828584876
numero,326932634
iban,ES2394887846897726077599
dni,***5783*
email,pjvw9o4qv7xaspwp@yigst.com
email,02u8npd4o8awy@uxwho.com
numero,9466222935
numero,36910725067964033453116
iban,ES8728278510811376179718
numero,802272203
numero,9236129680
numero,33701978169260252623174
numero,09657858065692395638086
iban,ES2351384481740139614521
iban,ES1277492993101190529749
nombre,Anon1223 Doe7350 Dupont7889
dni,***8065*
dni,***3000*
email,eo2m7ms2yt16@dflbxqu.org
email,85ikcds4dsh4jou47p6x2@manis.com
numero,916338565
numero,42383702277044308563517
iban,ES9019538173993105172502
nombre,Anon6110 Doe1184 Dupont7516
dni,***3534*
email,ehgahgkuys96@iqsroir.es
numero,06003160507412766432124
numero,792264547
iban,ES8379516804639294345681
nombre,Anon1858 Doe8813 Dupont2057
email,5t6h2wth67dm0a@wsfse.com
numero,139320045
nie,Z5763000X
email,o2qs7n7dzii9q26b7@efvlnbv.com
numero,17754529877726017117735
numero,703415208
numero,33901336681810770366195
iban,ES6357185757436321339573
iban,ES4723222891681427281525
nombre,Anon3288 Doe8461 Dupont2742
dni,***9792*
email,dtjlppm171zuzg6i@leeyt.com
numero,9398955195
dni,***4633*
nombre,Anon1711 Doe5058 Dupont8137
nombre,Anon6804 Doe4834 Dupont3864
dni,***0475*
email,r34j65kqf150ntv@vsnklxa.com
email,qe0npdr95zlg3a@dafcz.com
numero,7742061154
numero,773964057
nombre,Anon4897 Doe7354 Dupont8048
nombre,Anon6890 Doe4343 Dupont1074
dni,***1560*
email,8p4e31yh69n@erlft.com
numero,260049498
numero,20330178218259817783994
numero,93724225159417229
numero,17637989578810376431745
iban,ES2246542553940568140434
iban,ES9342705472423481628478
nombre,Anon7079 Doe5896 Dupont6799
numero,44175126157915364827040
numero,374665984
iban,ES6675118687173521999197
nombre,Anon8235 Doe9979 Dupont4340
dni,***7791*
email,gr16yucyglksax02r1@nieocoj.com
numero,33871143106214452300653
numero,339769077
iban,ES8552912113443743762884
nombre,Anon4746 Doe3176 Dupont1783
dni,***4406*
dni,***7075*
email,zma75m000kvyk6dm@lnnkuab.com
email,jeyeg6ifesdnec@sezlreq.es
numero,272623581
numero,119272801
numero,67017270577650785983548
iban,ES0325671400919357981893
nombre,Anon2811 Doe8040 Dupont5326
nombre,Anon5913 Doe6670 Dupont4735
email,6dvysht6j50nrx62@pcplnqh.org
numero,5073725778
numero,54640369883994733004184
iban,ES6492903481971613758773
nombre,Anon4046 Doe6981 Dupont9927
dni,***1709*
email,1kgpxbd8904p3eyo2@arggjvc.com
email,ei121ajsaludqgdv@wwquqgy.com
numero,178022111
numero,9740757462
numero,06634720902432706821803
iban,ES1419431114888820808826
nombre,Anon8691 Doe8635 Dupont6596
nombre,Anon9348 Doe9090 Dupont1199
nie,Y7934750V
email,z02mtsld8dpcfdshu@eawbkng.com
numero,299915494
numero,93194180812675178269418
iban,ES7129139560237540130595
nombre,Anon8350 Doe4722 Dupont7433
dni,***5052*
email,mzu5t35x0d7gv@rtvtfyz.es
numero,21062557155084450614923
numero,38349936760418150662202
numero,044242581
iban,ES7561422308986681575602
iban,ES0855681803669886240252
nombre,Anon6753 Doe3438 Dupont4149
nombre,Anon6381 Doe3519 Dupont2580
dni,***8766*
dni,***4336*
email,j1j965z1ava2cgtegvo86@ttwzs.com
numero,240455565
numero,83997847436681435703199
iban,ES3982593551596258708816
nombre,Anon8431 Doe5694 Dupont4507
dni,***4727*
email,1qw2daahpyi6yuog50lb@gdhbvmb.com
email,a3d40du6b92mdgbl@edooseu.es
numero,68539407553973145412026
numero,227746970876711471463492
numero,565897341
iban,ES0452442745798719460652
iban,ES5457476733574066311120
nombre,Anon6227 Doe8153 Dupont6645
nombre,Anon8248 Doe6732 Dupont4433
dni,***3480*
dni,***6504*
email,lc1eywx95dg97y9@tqrfs.com
email,mh8seihagb21n4g@hhvstnw.com
numero,362413546
numero,35427009305442870732349
iban,ES1971572770864802004123
nombre,Anon8627 Doe4852 Dupont9603
email,lxsczly7gub59isdfc@yxjjyit.org
numero,004263868
numero,47835204652125101439699
iban,ES5610891586926846457597
email,zjdx5agqdrbv5r@fhtwx.com
numero,94371829837773308301427
numero,353207401
numero,691078154
iban,ES3899749728922821290334
nombre,Anon7023 Doe9801 Dupont3398
email,4efwk1npd6v9mqxmf2@pauwisj.es
dni,***1704*
email,h6iihg2wlpx5p12@lrcik.com
numero,9277648995
numero,70451353915473973592861
iban,ES7261130067315024037809
nie,Y7918473R
dni,***7075*
email,gh097j7ca75c1j4o858@yjxublq.es
numero,732503828
numero,617904982
numero,69178415770685085055215
iban,ES6973430017346960985435
nombre,Anon1209 Doe2374 Dupont5662
dni,***5415*
numero,48785900090446165571696
numero,986049516
iban,ES5247071250425215194950
nombre,Anon5157 Doe2422 Dupont5978
email,4elgo4pjmuolcq0jwkh@wphvr.com
numero,929504330
nombre,Anon9862 Doe4588 Dupont1451
dni,***9889*
dni,***2356*
email,5q88ci73gzlnvs3@niidfro.com
numero,271949133
numero,95468929907424954711908
numero,894673597
numero,10502050931328274253367
iban,ES7078534319465743014320
iban,ES6804680585598190409671
nombre,Anon6321 Doe8352 Dupont5739
nombre,Anon6906 Doe5552 Dupont1334
numero,98843168652674812861833
iban,ES8380640977341531012350
nombre,Anon3392 Doe7375 Dupont1526
dni,***9272*
email,urzxw3wpjmbblmi4hd@qxpcg.com
numero,669546413
numero,46147747987924305217154
numero,984949374
numero,99815337946079733472180
iban,ES9520768300456155781782
iban,ES7636154960011037943738
nombre,Anon3549 Doe7234 Dupont7572
nombre,Anon1769 Doe3140 Dupont5034
dni,***3133*
numero,21041624322647083168730
numero,29511224275984900816920
numero,284008355
iban,ES5840233619936094281208
iban,ES4133320401649610352692
nombre,Anon7245 Doe9682 Dupont1734
nie,Y6658877T
email,qsph55qmbp6013hx@pckxp.com
nombre,Anon1856 Doe2075 Dupont5328
email,56ot34s95awcdol61@hintngu.es
numero,24084782693871183406355
iban,ES8165212372457508791214
dni,***6632*
dni,***6320*
email,wdcmlh7uefcbrm@hvmwfot.com
email,xrk2avoxzfxt1ct946i@pzlha.com
numero,17909221383341001719714
numero,293788358
numero,23285422206369579664413
numero,3130449087
iban,ES9052148991745357296427
iban,ES5143352708086739502344
nombre,Anon1221 Doe4344 Dupont9688
nombre,Anon2565 Doe2661 Dupont8162
dni,***7481*
nie,X3433981N
email,on3q8ybsu6dsb9m@kanao.com
email,jf9pezs9mqwk6hraxm4tknwj@vhnygxe.org
numero,223345827
numero,94402413904784983358401
numero,2321803952
iban,ES0768727765562834313676
nombre,Anon8566 Doe2034 Dupont2789
numero,941297240
dni,***6789*
dni,***7654*
email,3dim84aprq39@xhdho.com
email,ph5kgrkqwnv5u959@wajmjsa.com
numero,25037568132783282354915
numero,45195720994539723737846
numero,4826738898
numero,703769174
iban,ES7306472506751415070562
iban,ES3972665187014039014644
nombre,Anon1032 Doe6285 Dupont1002
nombre,Anon1745 Doe1126 Dupont1418
nombre,Anon7073 Doe1841 Dupont4690
dni,***1818*
email,veysb5e76u8i04la@ewaapyi.es
numero,168430481
dni,***0979*
dni,***9237*
email,07h0phd2wawzyg4hkwq2@bnfvkjd.es
numero,61615620368234045603938
numero,05707106818929558723742
numero,566239618
iban,ES6486185476985792036551
iban,ES7815644900240822051168
nombre,Anon3805 Doe3637 Dupont5111
nombre,Anon2963 Doe1640 Dupont1793
dni,***1681*
dni,***0444*
email,nxc95ywvb25k1hw@kdehn.com
numero,493753974
numero,57433316272955747544716
iban,ES4466640575139336030156
nombre,Anon4143 Doe3942 Dupont2828
nombre,Anon6750 Doe1404 Dupont1124
dni,***9667*
dni,***7149*
dni,***0285*
email,y2kaz8r7ymr3za@zardlan.org
email,vtv946vj4ijsohrm7@wadgz.com
numero,63159132820002547033422
numero,263113816
numero,66180317250559286214139
numero,760509728463815722152305
numero,316984182
numero,628171526
iban,ES9374904441259146011530
iban,ES0484613159705502435710
iban,ES9441545905198784302239
nombre,Anon5533 Doe2816 Dupont1708
nombre,Anon1396 Doe3607 Dupont7698
dni,***8604*
email,es70jcqgyueui3aqh@undfhik.es
numero,5619348449
numero,84896391994596737468211
numero,80322331933094540448652
iban,ES4920145391646192767749
iban,ES0052314335496841544743
nombre,Anon2484 Doe2073 Dupont6038
nie,Z1576917L
nie,Y2441956Z
email,ygq9aw5pfsulcbg@dfxfael.com
email,mkjg3w8wp7ustbg6@skudv.com
numero,097708534
nombre,Anon1490 Doe9049 Dupont4638
dni,***3313*
nie,X3976974K
email,ghqojjy7ugjvn6bl5x2oe7@qwjkn.com
email,boqsw3eikgoh0h2l@ctwpaeg.org
numero,31649628871359275397987
numero,79512146172145552849878
numero,512632293
numero,744643333
iban,ES2305297618452708704157
iban,ES5684027197422828755674
nombre,Anon3098 Doe9031 Dupont5043
nombre,Anon2771 Doe4470 Dupont8296
numero,02725429547781213246730
iban,ES0324939551063285771206
dni,***2601*
dni,***8031*
numero,1562345354658632396914964605448
numero,737833385
numero,930311866
numero,14175034821580684255949
iban,ES3344664983149252916949
iban,ES2368574986464049048319
nombre,Anon1617 Doe7382 Dupont3219
nombre,Anon6479 Doe2252 Dupont1139
nie,X8176647D
email,e2jzk843t0jpad@edpsr.com
numero,69334104816575704359506
iban,ES7311165974351516217717
dni,***9544*
nie,Y2993883X
email,aqj1bhayt9iyjc@jbckxip.com
email,pox0yespr5mpzuy6mv@uztzlop.org
numero,86414156819719757423336
numero,545517126
numero,659032534
numero,431015748
iban,ES8724741580263029206264
nombre,Anon7115 Doe8080 Dupont8608
nombre,Anon1769 Doe8762 Dupont6386
dni,***0560*
dni,***6886*
email,vac83dfj50qzp4d@ywjyn.com
numero,938068587751815306257051
numero,363975019
numero,561869869
iban,ES9131829537858095050781
dni,***4205*
dni,***2803*
dni,***0682*
email,72dbh3f5m017szd7u5@xgwgw.com
email,iho4xwmyd3tdec5tv@vydve.com
numero,717041540
numero,28948758148578102544998
numero,612229676
numero,84537069728860025746204
numero,508404788
numero,11001412923137586520069
iban,ES5359918645738465404445
iban,ES3144139990495692302193
iban,ES6276372912872662864798
nombre,Anon3889 Doe2299 Dupont3121
nombre,Anon4545 Doe2333 Dupont6853
nombre,Anon7885 Doe2058 Dupont9502
dni,***8776*
email,po72mei50cuul4p@uggjpqb.org
numero,36749168845936533089917
numero,477418569
iban,ES7091020760543604880943
nombre,Anon2295 Doe6112 Dupont4852
nombre,Anon7051 Doe5249 Dupont3715
dni,***2263*
email,z5t3g8cqiu78u5ov@rjqazkj.es
email,df2zbn7jr77v3@gwidzsy.com
numero,14184562807880337176453
numero,525005361
numero,96120784299827462067707
numero,829127801
iban,ES0580640977690841991959
iban,ES4852961777506088495327
dni,***3253*
numero,8346587771
nombre,Anon7333 Doe8281 Dupont5716
dni,***6408*
email,21106qns1qiz0y4w@nmxtl.com
numero,05014902950100738828305
numero,425556253
iban,ES5584842010058158506578
nombre,Anon5384 Doe4508 Dupont1942
dni,***2264*
email,yiw34ihwyix6vdo@fzpkzhm.org
numero,99093164627542252805151
numero,699658175
iban,ES8625177537793044072343
nombre,Anon8111 Doe2707 Dupont4789
dni,***6886*
email,4vv22bneozm72ilv@vtwfd.com
numero,56539255330587647944549
iban,ES2964682671835465452262
email,jyzvhthqpk591aavdn@ofprz.com
numero,153604911
numero,67240939969611509213216
iban,ES8468747200017485637223
nombre,Anon4392 Doe8895 Dupont2588
nie,X2599865Z
email,0tx0lechqimji87r@ijcqiqe.org
email,a459drjskdf0tagaw89m9@nskakcf.es
numero,23694935048878138230146
numero,135220893
iban,ES1560605121729823614861
nombre,Anon7795 Doe7205 Dupont5246
nie,Y9482715J
email,sioxbeb43g4@tbaptim.org
email,0i17riah4ilalf2@mcifatc.org
numero,433776245
numero,014608807724850077089471
iban,ES3208714750197665121050
nombre,Anon7724 Doe7932 Dupont3056
nombre,Anon8202 Doe5454 Dupont6764
dni,***8587*
dni,***8100*
email,ofqa8oteyn4voorse06@xbent.com
email,rd09de4k9y0cs02@lllsitt.com
numero,331912828
numero,715855437
numero,014182042
numero,98733745034758639453746
iban,ES2267224975367010791098
nombre,Anon1292 Doe8832 Dupont5750
email,4hf5gh6kmqicfhwzc@zalta.com
email,3gi2d5y3cdb9p5@nvsplkc.com
numero,72454013864383248416054
numero,053477393
iban,ES1790658233565125260626
nombre,Anon4336 Doe2568 Dupont6876
dni,***2640*
dni,***1642*
email,y47k21k73gp9sei@nlwoumv.org
email,s4uxkyscchrme@kcdmnjk.es
numero,479475554
numero,96713517864606967166153
numero,61670720430828908746765
numero,899755363
iban,ES4273811478104307577940
iban,ES3854571665925961874158
nombre,Anon8010 Doe5756 Dupont4258
nombre,Anon4018 Doe7195 Dupont9356
dni,***3158*
dni,***1477*
nombre,Anon9865 Doe4589 Dupont1644
nombre,Anon5277 Doe9195 Dupont6508
dni,***5366*
dni,***4844*
email,j0uakffevbo39g0u@qtcweba.es
email,3wq2o216nico@ybxnmyn.es
email,md2vus21i6vur87c2@fdecicy.es
numero,069288004
numero,71394094820861203198582
numero,087284224
numero,556707441
numero,46105898709131602432957
numero,78742262568455360312826
iban,ES2290598295229413429116
iban,ES1134604353664717524251
iban,ES6009643648908965288481
nombre,Anon6678 Doe8491 Dupont7390
nombre,Anon1290 Doe9566 Dupont3852
dni,***7048*
email,g05rqwkjrzww@nrngm.com
numero,11036721965998703470602
numero,271177045
numero,895823248
iban,ES7076794463417974286328
nombre,Anon7597 Doe3459 Dupont7334
nie,Y6879515E
dni,***1535*
email,drazm4fb39nqtsvksp@ukfirsw.com
email,yy96pbenxbc5k8@sdlgc.com
email,2b1bsv9byc93siv94@hnxoity.org
numero,54769980314665107884370
numero,484796774
numero,517136702
numero,03711504483438135922073
iban,ES7763313929623718599879
iban,ES8970658668483716902883
nombre,Anon9202 Doe8337 Dupont7847
nombre,Anon3887 Doe4057 Dupont8733
nombre,Anon8198 Doe6304 Dupont7781
nombre,Anon1339 Doe2938 Dupont5765
nie,Z2774446F
email,rshqbx5cg83lsfad@udccpfe.org
email,7g58bjmfmbdc42tt@burqw.com
numero,327324598
numero,54771959961147592909057
numero,86320841115199472323956
iban,ES1229062280084688662852
iban,ES3126534965376062016815
nombre,Anon7348 Doe5753 Dupont4730
nombre,Anon5618 Doe8441 Dupont2397
email,hz4fdwtdworsepch@xmbsriw.org
numero,17004779881480535559751
numero,526953899
iban,ES3612928615937890585836
nombre,Anon3083 Doe8153 Dupont3665
nie,Y2560012B
nie,Y7843174G
email,2t5d04ofrjk0lm@uqfirjm.com
numero,12461208424277370140620
iban,ES5062144235525191229564
email,3cgezndgwyu9pu2@lklla.com
email,ehmuhyykiyybmp1@vwqur.com
email,lxosxiqy22dl1m9@tmsys.com
numero,6595662216843
numero,0098889182511130955
nombre,Anon3786 Doe8786 Dupont5835
email,b9sjqhydtpz26ly@xdvyb.com
email,q8jfaz25d1vt2eb@cwpgg.com
email,xispxlhav3iaphg@iokge.com
numero,9905735733894
numero,3129644982254645614
nombre,Anon4481 Doe4492 Dupont9299
numero,716904804
nombre,Anon2949 Doe4040 Dupont4814
nombre,Anon7541 Doe7809 Dupont8928
nombre,Anon7237 Doe4219 Dupont2444
nombre,Anon6841 Doe2096 Dupont9894
nombre,Anon4612 Doe7459 Dupont2428
nombre,Anon5726 Doe5312 Dupont9468
nombre,Anon7389 Doe4767 Dupont4552
email,j7lbkgau3l@kdqczj.com
email,uqsilv85od@uhqhpq.com
numero,04504188459
numero,76364960928
nombre,Anon1585 Doe2806 Dupont9856
nombre,Anon4286 Doe9365 Dupont1024
nombre,Anon1860 Doe3691 Dupont7960
nombre,Anon1827 Doe7552 Dupont6912
